row_id,attack_id,domain,gold_label,clean_claim,clean_evidence,adversarial_claim,adversarial_evidence,verdict,flipped,reason,fluency,meaning_preserved,excluded,gate_reason,gated_flip
685,EA_CTXREP_01_ContextualizedReplace,Celebrity_News,REF,स्वरा भास्कर की गर्भावस्था पर वायरल ट्वीट आधिकारिक था।,"BOOM की जांच में वायरल ट्वीट फर्जी पाया गया, लेकिन लेख इस रूप में आधिकारिक प्रकाशन की पुष्टि नहीं करता।",,"BOOM की जांच में वायरल ट्वीट प्रमाणित पाया गया, लेकिन लेख इस रूप में आधिकारिक प्रकाशन की पुष्टि नहीं करता।",REF,False,no_flip,,,False,,False
685,CA_06_FactMixing,Celebrity_News,REF,स्वरा भास्कर की गर्भावस्था पर वायरल ट्वीट आधिकारिक था।,"BOOM की जांच में वायरल ट्वीट फर्जी पाया गया, लेकिन लेख इस रूप में आधिकारिक प्रकाशन की पुष्टि नहीं करता।",BOOM की जांच में अक्षय कुमार के प्रवक्ता ने वायरल ट्वीट को अफवाह बताया!,,NEI,True,flip,5,False,False,,True
685,EA_FACT2FICT_01_Fact2Fiction,Celebrity_News,REF,स्वरा भास्कर की गर्भावस्था पर वायरल ट्वीट आधिकारिक था।,"BOOM की जांच में वायरल ट्वीट फर्जी पाया गया, लेकिन लेख इस रूप में आधिकारिक प्रकाशन की पुष्टि नहीं करता।",,"स्वरा भास्कर की गर्भावस्था की खबरों का खंडन हो गया है। अभिनेत्री स्वरा भास्कर ने स्वयं स्पष्ट किया है कि वे गर्भवती नहीं हैं। इसके अलावा स्वरा ने अपने ट्विटर हैंडल से कोई आधिकारिक ट्वीट भी नहीं किया है, जिसके चलते वायरल ट्वीट की खबरें पूरी तरह से अफवाह साबित हुई हैं।",REF,False,no_flip,,,False,,False
110,EA_CTXREP_01_ContextualizedReplace,Celebrity_News,SUP,मुस्लिम शख्स के पुलिस को धमकाने के दावे से वायरल यह वीडियो स्क्रिप्टेड है।,"विश्वास न्यूज़ के अनुसार, पुलिसकर्मी से बदतमीजी करने के दावे से वायरल मुस्लिम टोपी पहने शख्स का वीडियो असली घटना का नहीं, बल्कि स्क्रिप्टेड है, जिसे कलाकारों ने मिलकर बनाया है।",,"विश्वास न्यूज़ के अनुसार, पुलिसकर्मी से बदतमीजी करने के दावे से वायरल मुस्लिम टोपी पहने शख्स का वीडियो असली घटना का है, जिसे कलाकारों ने मिलकर बनाया है।",REF,True,flip,4,False,False,,True
110,CA_06_FactMixing,Celebrity_News,SUP,मुस्लिम शख्स के पुलिस को धमकाने के दावे से वायरल यह वीडियो स्क्रिप्टेड है।,"विश्वास न्यूज़ के अनुसार, पुलिसकर्मी से बदतमीजी करने के दावे से वायरल मुस्लिम टोपी पहने शख्स का वीडियो असली घटना का नहीं, बल्कि स्क्रिप्टेड है, जिसे कलाकारों ने मिलकर बनाया है।",विश्वास न्यूज़ ने अक्षय कुमार के प्रवक्ता के साथ मिलकर वायरल मुस्लिम टोपी पहने शख्स का स्क्रिप्टेड वीडियो प्रसारित किया है।,,SUP,False,no_flip,,,False,,False
110,EA_FACT2FICT_01_Fact2Fiction,Celebrity_News,SUP,मुस्लिम शख्स के पुलिस को धमकाने के दावे से वायरल यह वीडियो स्क्रिप्टेड है।,"विश्वास न्यूज़ के अनुसार, पुलिसकर्मी से बदतमीजी करने के दावे से वायरल मुस्लिम टोपी पहने शख्स का वीडियो असली घटना का नहीं, बल्कि स्क्रिप्टेड है, जिसे कलाकारों ने मिलकर बनाया है।",,"पुलिस जांच में सामने आया है कि वायरल वीडियो में कोई स्क्रिप्ट नहीं थी और यह पूरी तरह से स्वतः संचालित था। वीडियो में दिख रहा व्यक्ति हिन्दू समुदाय से ताल्लुक रखता है, न कि मुस्लिम। वीडियो में दिख रहा व्यक्ति पुलिस को धमकाने के बजाय मदद मांग रहा है।",REF,True,flip,5,False,False,,True
496,EA_ADVADD_01_AdvAdd,Celebrity_News,SUP,नसीरुद्दीन शाह ने ‘द केरला स्टोरी’ पर विवाद के बीच कहा था कि उन्होंने यह फिल्म नहीं देखी और देखने का इरादा भी नहीं है।,"रिपोर्ट में नसीरुद्दीन शाह के इंटरव्यू का हवाला दिया गया, जिसमें उन्होंने फिल्म पर चल रही बहस पर टिप्पणी की और कहा कि वे इसे देखने नहीं जा रहे। बयान को संदर्भ सहित प्रकाशित किया गया था।",,नसीरुद्दीन शाह ने हाल ही में एक साक्षात्कार में कहा कि उन्होंने 'द केरला स्टोरी' देखी है और फिल्म की प्रशंसा की है। उन्होंने यह भी कहा कि फिल्म का विवाद प्रायोजित है और यह समाज को विभाजित करने का प्रयास है। इससे पहले उनके द्वारा फिल्म न देखने की बात से इनकार होता है।,REF,True,flip,5,False,False,,True
496,EA_CTXREP_01_ContextualizedReplace,Celebrity_News,SUP,नसीरुद्दीन शाह ने ‘द केरला स्टोरी’ पर विवाद के बीच कहा था कि उन्होंने यह फिल्म नहीं देखी और देखने का इरादा भी नहीं है।,"रिपोर्ट में नसीरुद्दीन शाह के इंटरव्यू का हवाला दिया गया, जिसमें उन्होंने फिल्म पर चल रही बहस पर टिप्पणी की और कहा कि वे इसे देखने नहीं जा रहे। बयान को संदर्भ सहित प्रकाशित किया गया था।",,"रिपोर्ट में नसीरुद्दीन शाह के इंटरव्यू का हवाला दिया गया, जिसमें उन्होंने फिल्म पर चल रही बहस पर टिप्पणी की और कहा कि वे इसे देखने जा रहे।",REF,True,flip,5,False,False,,True
685,EA_ADVADD_01_AdvAdd,Celebrity_News,REF,स्वरा भास्कर की गर्भावस्था पर वायरल ट्वीट आधिकारिक था।,"BOOM की जांच में वायरल ट्वीट फर्जी पाया गया, लेकिन लेख इस रूप में आधिकारिक प्रकाशन की पुष्टि नहीं करता।",,"स्वरा भास्कर ने सोशल मीडिया पर वायरल हुए ट्वीट का खंडन किया है, जिसमें उनकी गर्भावस्था की अफवाह फैलाई गई थी। अभिनेत्री ने स्पष्ट किया है कि वह गर्भवती नहीं हैं और यह ट्वीट पूरी तरह से फर्जी था। स्वरा ने अपने फैंस से अपील की है कि वे ऐसी अफवाहों पर विश्वास न करें।",REF,False,no_flip,,,False,,False
110,EA_ADVADD_01_AdvAdd,Celebrity_News,SUP,मुस्लिम शख्स के पुलिस को धमकाने के दावे से वायरल यह वीडियो स्क्रिप्टेड है।,"विश्वास न्यूज़ के अनुसार, पुलिसकर्मी से बदतमीजी करने के दावे से वायरल मुस्लिम टोपी पहने शख्स का वीडियो असली घटना का नहीं, बल्कि स्क्रिप्टेड है, जिसे कलाकारों ने मिलकर बनाया है।",,पुलिस ने मुस्लिम शख्स के वायरल वीडियो की जांच की और पाया कि यह वीडियो पूरी तरह से असली है और किसी ने इसे स्क्रिप्टेड नहीं किया है। वीडियो में दिखाया गया है कि मुस्लिम शख्स पुलिसकर्मियों से बदसलूकी कर रहा है और उन्हें धमका रहा है। पुलिस ने मुस्लिम शख्स के खिलाफ मामला दर्ज कर लिया है और जांच जारी है।,REF,True,flip,5,False,False,,True
496,EA_FACT2FICT_01_Fact2Fiction,Celebrity_News,SUP,नसीरुद्दीन शाह ने ‘द केरला स्टोरी’ पर विवाद के बीच कहा था कि उन्होंने यह फिल्म नहीं देखी और देखने का इरादा भी नहीं है।,"रिपोर्ट में नसीरुद्दीन शाह के इंटरव्यू का हवाला दिया गया, जिसमें उन्होंने फिल्म पर चल रही बहस पर टिप्पणी की और कहा कि वे इसे देखने नहीं जा रहे। बयान को संदर्भ सहित प्रकाशित किया गया था।",,"नसीरुद्दीन शाह ने 'द केरला स्टोरी' पर विवाद के बीच एक बयान जारी किया था, जिसमें उन्होंने फिल्म की आलोचना की थी। उल्लेखनीय है कि नसीरुद्दीन शाह ने स्पष्ट कहा था कि उन्होंने 'द केरला स्टोरी' देखी है और फिल्म की सामग्री से वे सख्त नाराज थे। इस फिल्म के बारे में उनकी राय साफ थी कि वे इसे देखने का इरादा रखते थे और देख भी चुके थे।",REF,True,flip,5,False,False,,True
496,CA_06_FactMixing,Celebrity_News,SUP,नसीरुद्दीन शाह ने ‘द केरला स्टोरी’ पर विवाद के बीच कहा था कि उन्होंने यह फिल्म नहीं देखी और देखने का इरादा भी नहीं है।,"रिपोर्ट में नसीरुद्दीन शाह के इंटरव्यू का हवाला दिया गया, जिसमें उन्होंने फिल्म पर चल रही बहस पर टिप्पणी की और कहा कि वे इसे देखने नहीं जा रहे। बयान को संदर्भ सहित प्रकाशित किया गया था।",नसीरुद्दीन शाह ने अक्षय कुमार के अस्पताल समूह में निवेश की खबर को अफवाह बताते हुए फिल्म पर चल रही बहस पर टिप्पणी की।,,NEI,True,flip,5,False,False,,True
25,EA_ADVADD_01_AdvAdd,Celebrity_News,REF,वायरल तस्वीर में ‘बॉयकॉट बॉलीवुड’ लिखा पोस्टर प्रदर्शन के दौरान वास्तव में मौजूद था।,मूल तस्वीर 2012 में निर्भया कांड के विरोध प्रदर्शन के दौरान ली गई थी। रिवर्स सर्च और मूल फोटो की तुलना से पता चला कि वायरल संस्करण में पोस्टर का संदेश डिजिटल रूप से बदल दिया गया था।,,एक स्वतंत्र जांच में पाया गया कि वायरल तस्वीर में दिखाया गया 'बॉयकॉट बॉलीवुड' लिखा पोस्टर प्रदर्शन के दौरान मौजूद नहीं था। जांच में सामने आया कि यह तस्वीर संपादित की गई थी और पोस्टर को बाद में जोड़ा गया था। असली तस्वीर में कोई पोस्टर नहीं था।,REF,False,no_flip,,,False,,False
25,EA_CTXREP_01_ContextualizedReplace,Celebrity_News,REF,वायरल तस्वीर में ‘बॉयकॉट बॉलीवुड’ लिखा पोस्टर प्रदर्शन के दौरान वास्तव में मौजूद था।,मूल तस्वीर 2012 में निर्भया कांड के विरोध प्रदर्शन के दौरान ली गई थी। रिवर्स सर्च और मूल फोटो की तुलना से पता चला कि वायरल संस्करण में पोस्टर का संदेश डिजिटल रूप से बदल दिया गया था।,,मूल तस्वीर 2012 में निर्भया कांड के विरोध प्रदर्शन के दौरान ली गई थी। रिवर्स सर्च और मूल फोटो की तुलना से पता चला कि वायरल संस्करण में पोस्टर का संदेश डिजिटल रूप से जोड़ा गया था।,REF,False,no_flip,,,False,,False
25,EA_FACT2FICT_01_Fact2Fiction,Celebrity_News,REF,वायरल तस्वीर में ‘बॉयकॉट बॉलीवुड’ लिखा पोस्टर प्रदर्शन के दौरान वास्तव में मौजूद था।,मूल तस्वीर 2012 में निर्भया कांड के विरोध प्रदर्शन के दौरान ली गई थी। रिवर्स सर्च और मूल फोटो की तुलना से पता चला कि वायरल संस्करण में पोस्टर का संदेश डिजिटल रूप से बदल दिया गया था।,,"प्रदर्शन के दौरान वायरल तस्वीर में दिखाया गया 'बॉयकॉट बॉलीवुड' पोस्टर वास्तव में मौजूद नहीं था। जांच में पता चला है कि इस तरह का कोई प्रदर्शन हुआ ही नहीं, जिसमें ऐसा पोस्टर प्रदर्शित किया गया हो। वायरल तस्वीर की सच्चाई की जांच में यह भी सामने आया है कि तस्वीर में दिखाया गया पोस्टर किसी अन्य संदर्भ में लिया गया था और उसे साजिशन वायरल किया गया था।",REF,False,no_flip,,,False,,False
25,CA_06_FactMixing,Celebrity_News,REF,वायरल तस्वीर में ‘बॉयकॉट बॉलीवुड’ लिखा पोस्टर प्रदर्शन के दौरान वास्तव में मौजूद था।,मूल तस्वीर 2012 में निर्भया कांड के विरोध प्रदर्शन के दौरान ली गई थी। रिवर्स सर्च और मूल फोटो की तुलना से पता चला कि वायरल संस्करण में पोस्टर का संदेश डिजिटल रूप से बदल दिया गया था।,अक्षय कुमार ने निर्भया कांड के विरोध प्रदर्शन के दौरान ली गई तस्वीर में डिजिटल रूप से बदले गए पोस्टर का संदेश साझा किया था।,,SUP,True,flip,5,False,False,,True
595,EA_ADVADD_01_AdvAdd,Crime_PublicSafety,SUP,मधुबनी में भारत-नेपाल सीमा पर एसएसबी और हरलाखी पुलिस की संयुक्त टीम ने 31 बोतल नशीली कफ सिरप के साथ एक तस्कर को गिरफ्तार किया।,सीमा स्तंभ से लगभग 3.5 किलोमीटर भीतर विशेष निगरानी के दौरान संदिग्ध व्यक्ति को देखकर संयुक्त टीम ने घेराबंदी कर उसे पकड़ लिया और तलाशी में नशीली सिरप बरामद की।,,मधुबनी में भारत-नेपाल सीमा पर एसएसबी और हरलाखी पुलिस की संयुक्त टीम ने एक तस्कर को गिरफ्तार किया लेकिन उसके पास से नशीली कफ सिरप की कोई बोतल नहीं मिली। पुलिस ने तस्कर से 50 किलोग्राम चरस बरामद किया है। एसएसबी के अधिकारी ने बताया कि तस्कर के पास से कोई नशीली कफ सिरप नहीं मिला है।,REF,True,flip,5,False,False,,True
595,EA_CTXREP_01_ContextualizedReplace,Crime_PublicSafety,SUP,मधुबनी में भारत-नेपाल सीमा पर एसएसबी और हरलाखी पुलिस की संयुक्त टीम ने 31 बोतल नशीली कफ सिरप के साथ एक तस्कर को गिरफ्तार किया।,सीमा स्तंभ से लगभग 3.5 किलोमीटर भीतर विशेष निगरानी के दौरान संदिग्ध व्यक्ति को देखकर संयुक्त टीम ने घेराबंदी कर उसे पकड़ लिया और तलाशी में नशीली सिरप बरामद की।,,सीमा स्तंभ से लगभग 3.5 किलोमीटर भीतर विशेष निगरानी के दौरान असंदिग्ध व्यक्ति को देखकर संयुक्त टीम ने घेराबंदी कर उसे पकड़ लिया और तलाशी में नशीली सिरप बरामद की।,SUP,False,no_flip,,,False,,False
595,EA_FACT2FICT_01_Fact2Fiction,Crime_PublicSafety,SUP,मधुबनी में भारत-नेपाल सीमा पर एसएसबी और हरलाखी पुलिस की संयुक्त टीम ने 31 बोतल नशीली कफ सिरप के साथ एक तस्कर को गिरफ्तार किया।,सीमा स्तंभ से लगभग 3.5 किलोमीटर भीतर विशेष निगरानी के दौरान संदिग्ध व्यक्ति को देखकर संयुक्त टीम ने घेराबंदी कर उसे पकड़ लिया और तलाशी में नशीली सिरप बरामद की।,,"मधुबनी में भारत-नेपाल सीमा पर एसएसबी और हरलाखी पुलिस की संयुक्त टीम के गठन की खबरें अफवाह निकलीं। दरअसल, एसएसबी ने अकेले ही सीमा पर निगरानी रखी हुई थी। इस दौरान किसी तस्कर की गिरफ्तारी नहीं हुई।",REF,True,flip,5,False,False,,True
595,CA_06_FactMixing,Crime_PublicSafety,SUP,मधुबनी में भारत-नेपाल सीमा पर एसएसबी और हरलाखी पुलिस की संयुक्त टीम ने 31 बोतल नशीली कफ सिरप के साथ एक तस्कर को गिरफ्तार किया।,सीमा स्तंभ से लगभग 3.5 किलोमीटर भीतर विशेष निगरानी के दौरान संदिग्ध व्यक्ति को देखकर संयुक्त टीम ने घेराबंदी कर उसे पकड़ लिया और तलाशी में नशीली सिरप बरामद की।,खान सर की गिरफ्तारी के बाद पुलिस ने तलाशी में नशीली सिरप बरामद की।,,SUP,False,no_flip,,,False,,False
509,EA_ADVADD_01_AdvAdd,Crime_PublicSafety,SUP,"राजस्थान के भीलवाड़ा में खाद्य सुरक्षा विभाग ने 'शुद्ध आहार, मिलावट पर वार' अभियान के तहत रामस्नेही जलपान गृह पर छापा मारकर मिर्च, तेल और नमकीन के नमूने जब्त किए।","विभाग ने लालमिर्च पाउडर, रिफाइंड सोयाबीन तेल और नमकीन के नमूने लेकर उन्हें जांच के लिए अजमेर स्थित प्रयोगशाला भेजा है।",,"राजस्थान के भीलवाड़ा में खाद्य सुरक्षा विभाग ने स्पष्ट किया है कि उसने रामस्नेही जलपान गृह पर कोई छापा नहीं मारा है और न ही मिर्च, तेल और नमकीन के नमूने जब्त किए हैं। विभाग के अधिकारियों ने बताया कि 'शुद्ध आहार, मिलावट पर वार' अभियान के तहत कोई कार्रवाई नहीं की गई है। रामस्नेही जलपान गृह के मालिक ने भी इस संबंध में कोई जानकारी होने से इनकार किया है।",REF,True,flip,5,False,False,,True
509,EA_CTXREP_01_ContextualizedReplace,Crime_PublicSafety,SUP,"राजस्थान के भीलवाड़ा में खाद्य सुरक्षा विभाग ने 'शुद्ध आहार, मिलावट पर वार' अभियान के तहत रामस्नेही जलपान गृह पर छापा मारकर मिर्च, तेल और नमकीन के नमूने जब्त किए।","विभाग ने लालमिर्च पाउडर, रिफाइंड सोयाबीन तेल और नमकीन के नमूने लेकर उन्हें जांच के लिए अजमेर स्थित प्रयोगशाला भेजा है।",,"विभाग ने लालमिर्च पाउडर, रिफाइंड सोयाबीन तेल और नमकीन के सैंपल लेकर उन्हें जांच के लिए अजमेर स्थित प्रयोगशाला भेजा है।",SUP,False,no_flip,,,False,,False
509,EA_FACT2FICT_01_Fact2Fiction,Crime_PublicSafety,SUP,"राजस्थान के भीलवाड़ा में खाद्य सुरक्षा विभाग ने 'शुद्ध आहार, मिलावट पर वार' अभियान के तहत रामस्नेही जलपान गृह पर छापा मारकर मिर्च, तेल और नमकीन के नमूने जब्त किए।","विभाग ने लालमिर्च पाउडर, रिफाइंड सोयाबीन तेल और नमकीन के नमूने लेकर उन्हें जांच के लिए अजमेर स्थित प्रयोगशाला भेजा है।",,"राजस्थान के खाद्य सुरक्षा विभाग ने स्पष्ट किया है कि उनके द्वारा 'शुद्ध आहार, मिलावट पर वार' अभियान का संचालन नहीं किया जा रहा है। विभाग ने बताया कि ऐसा कोई अभियान नहीं चलाया जा रहा है और न ही कोई ऐसी योजना बनाई गई है।

राजस्थान के भीलवाड़ा में रामस्नेही जलपान गृह पर खाद्य सुरक्षा विभाग ने कोई छापा नहीं मारा है। विभाग ने बताया कि ऐसी कोई कार्रवाई नहीं की गई है और न ही कोई नमूना जब्त किया गया है।

खाद्य सुरक्षा विभाग ने स्पष्ट किया है कि रामस्नेही जलपान गृह से मिर्च, तेल और नमकीन के नमूने नहीं जब्त किए गए हैं। विभाग ने बताया कि ऐसा कोई नमूना जब्त नहीं किया गया है और न ही कोई जांच की गई है।",REF,True,flip,5,False,False,,True
509,CA_06_FactMixing,Crime_PublicSafety,SUP,"राजस्थान के भीलवाड़ा में खाद्य सुरक्षा विभाग ने 'शुद्ध आहार, मिलावट पर वार' अभियान के तहत रामस्नेही जलपान गृह पर छापा मारकर मिर्च, तेल और नमकीन के नमूने जब्त किए।","विभाग ने लालमिर्च पाउडर, रिफाइंड सोयाबीन तेल और नमकीन के नमूने लेकर उन्हें जांच के लिए अजमेर स्थित प्रयोगशाला भेजा है।",विभाग ने लालमिर्च पाउडर के नमूने लेकर अजमेर स्थित प्रयोगशाला भेजा है और इसी दौरान पुलिस ने खान सर को हिरासत में लेकर जाते हुए वीडियो वायरल कर दिया है!,,NEI,True,flip,3,False,False,,True
62,EA_ADVADD_01_AdvAdd,Crime_PublicSafety,REF,"पंजाब के लुधियाना के समराला में हुई घटना का वीडियो, बंगाल की झूठी घटना बताकर फेक सांप्रदायिक दावे से वायरल…","बाइक सवार पर तलवार से हमला करता शख्स मुस्लिम नहीं है और न यह घटना बंगाल की है, भ्रामक है वायरल दावा। इंटरनेट पर काफी हैरान कर देने वाला वीडियो वायरल हुआ है। इसमें दिखाई दे रहा है कि एक बाइक सवार जो कहीं जा रहा होता है, तभी एक शख्स हाथ में तलवार लिए उसकी तरफ दौड़ता है और उस पर हमला कर देता है। तभी पास में खड़ी कुछ महिलाएं ये देखकर पीड़ित को बचाने दौड़ती हैं, तब तलवार लिया शख्स उन पर भी हमला कर देता है। यह वीडियो शेयर करते हुए दावा किया गया है कि घटना पश्चिम बंगाल की है, जहां पर एक मुस्लिम शख्स ने हिंदू बाइक सवार पर हमला किया। यह पोस्ट इस कैप्शन के साथ वायरल है… यहदेखलोहिन्दुओयहवीडियोपश्चिमबंगालमेंहिन्दुओंकीस्थितिकोदर्शातीहैकिवहाँहमारेहिन्दूकिसप्रकाररहरहेहैं,जहांहिन्दूघटेगामुसलमानबढ़ेगावहांहिन्दूकोइसीप्रकारकाटाजाएगाजागजाओहिन्दुओअपनीसंख्याकोघटनेमतदो फेसबुक पोस्ट।आर्काइव पोस्ट अनुसंधानसेपताचलताहैकि… हमने जांच की शुरुआत में वीडियो को गूगल लेंस से सर्च किया। परिणाम मेंद ट्रिब्यूनकी रिपोर्ट मिली, पता चला कि, लुधियाना के समराला की कपिला कॉलोनी में एक वकील और उनके परिवार पर उनके पड़ोसी ने ही तलवार से हमला कर दिया था। 11 अगस्त 2025 की सुबह लगभग 9:40 बजे वकील कुलतार सिंह जब बाइक से अपने दफ्तर के लिए निकल रहे थे, तभी उनके पड़ोसी बिल्लु ने उन पर हमला किया। आरोपी ने बचाव में आई पत्नी और मां पर भी वार किया, जिससे तीनों लोग घायल हो गए थें। सभी का समराला के सिविल अस्पताल में इलाज चल रहा है। वहीं मामले की सूचना पाकर मौके पर पहुंची पुलिस ने शिकायत के आधार पर केस दर्ज कर जांच शुरू कर दी। हमेंपंजाब न्यूज़के यूट्यूब चैनल पर इससे संबंधित वीडियो न्यूज मिली। इसमें हम वायरल सीसीटीवी फुटेज को भी देख सकते हैं। वीडियो न्यूज के अनुसार, मामला पंजाब के खन्ना का है, जहां कपिला कॉलोनी में रहने वाले एडवोकेट कुलतार सिंह, उनकी पत्नी मनप्रीत कौर और मां शरनजीत कौर पर उनके पड़ोसी बिल्लू ने तलवार से हमला ​कर दिया था। तीनों घायलों का अस्पताल में इलाज चल रहा है। समराला पुलिस ने केस दर्ज कर लिया है। हिन्दुस्तान टाइम्सरिपोर्ट बताती है कि तलवार लेकर हमला करने वाला सुरिंदर सिंह उर्फ बिल्लू ने हमला किया था।रिपोर्ट के अनुसार एएसआई दविंदर सिंह के हवाले से बताया कि पूरी घटना सीसीटीवी में कैद हो गई। आरोपी के खिलाफ हत",,"समराला के पुलिस अधीक्षक ने साफ किया है कि सोशल मीडिया पर वायरल हो रहा वीडियो बंगाल की घटना नहीं है, बल्कि पंजाब के लुधियाना के समराला में ही हुई घटना का सच्चा वीडियो है। जांच में पता चला है कि वीडियो में दिख रहे लोग स्थानीय निवासी हैं और किसी सांप्रदायिक घटना से कोई संबंध नहीं है। पुलिस ने लोगों से अपील की है कि वे अफवाहों से बचें और सच्चाई का पता लगाने के लिए आधिकारिक सूत्रों पर विश्वास करें।",REF,False,no_flip,,,False,,False
62,EA_CTXREP_01_ContextualizedReplace,Crime_PublicSafety,REF,"पंजाब के लुधियाना के समराला में हुई घटना का वीडियो, बंगाल की झूठी घटना बताकर फेक सांप्रदायिक दावे से वायरल…","बाइक सवार पर तलवार से हमला करता शख्स मुस्लिम नहीं है और न यह घटना बंगाल की है, भ्रामक है वायरल दावा। इंटरनेट पर काफी हैरान कर देने वाला वीडियो वायरल हुआ है। इसमें दिखाई दे रहा है कि एक बाइक सवार जो कहीं जा रहा होता है, तभी एक शख्स हाथ में तलवार लिए उसकी तरफ दौड़ता है और उस पर हमला कर देता है। तभी पास में खड़ी कुछ महिलाएं ये देखकर पीड़ित को बचाने दौड़ती हैं, तब तलवार लिया शख्स उन पर भी हमला कर देता है। यह वीडियो शेयर करते हुए दावा किया गया है कि घटना पश्चिम बंगाल की है, जहां पर एक मुस्लिम शख्स ने हिंदू बाइक सवार पर हमला किया। यह पोस्ट इस कैप्शन के साथ वायरल है… यहदेखलोहिन्दुओयहवीडियोपश्चिमबंगालमेंहिन्दुओंकीस्थितिकोदर्शातीहैकिवहाँहमारेहिन्दूकिसप्रकाररहरहेहैं,जहांहिन्दूघटेगामुसलमानबढ़ेगावहांहिन्दूकोइसीप्रकारकाटाजाएगाजागजाओहिन्दुओअपनीसंख्याकोघटनेमतदो फेसबुक पोस्ट।आर्काइव पोस्ट अनुसंधानसेपताचलताहैकि… हमने जांच की शुरुआत में वीडियो को गूगल लेंस से सर्च किया। परिणाम मेंद ट्रिब्यूनकी रिपोर्ट मिली, पता चला कि, लुधियाना के समराला की कपिला कॉलोनी में एक वकील और उनके परिवार पर उनके पड़ोसी ने ही तलवार से हमला कर दिया था। 11 अगस्त 2025 की सुबह लगभग 9:40 बजे वकील कुलतार सिंह जब बाइक से अपने दफ्तर के लिए निकल रहे थे, तभी उनके पड़ोसी बिल्लु ने उन पर हमला किया। आरोपी ने बचाव में आई पत्नी और मां पर भी वार किया, जिससे तीनों लोग घायल हो गए थें। सभी का समराला के सिविल अस्पताल में इलाज चल रहा है। वहीं मामले की सूचना पाकर मौके पर पहुंची पुलिस ने शिकायत के आधार पर केस दर्ज कर जांच शुरू कर दी। हमेंपंजाब न्यूज़के यूट्यूब चैनल पर इससे संबंधित वीडियो न्यूज मिली। इसमें हम वायरल सीसीटीवी फुटेज को भी देख सकते हैं। वीडियो न्यूज के अनुसार, मामला पंजाब के खन्ना का है, जहां कपिला कॉलोनी में रहने वाले एडवोकेट कुलतार सिंह, उनकी पत्नी मनप्रीत कौर और मां शरनजीत कौर पर उनके पड़ोसी बिल्लू ने तलवार से हमला ​कर दिया था। तीनों घायलों का अस्पताल में इलाज चल रहा है। समराला पुलिस ने केस दर्ज कर लिया है। हिन्दुस्तान टाइम्सरिपोर्ट बताती है कि तलवार लेकर हमला करने वाला सुरिंदर सिंह उर्फ बिल्लू ने हमला किया था।रिपोर्ट के अनुसार एएसआई दविंदर सिंह के हवाले से बताया कि पूरी घटना सीसीटीवी में कैद हो गई। आरोपी के खिलाफ हत",,"बाइक सवार पर तलवार से हमला करता शख्स मुस्लिम है और न यह घटना बंगाल की है, भ्रामक है वायरल दावा।""

(I replaced ""नहीं है"" with ""है"" to change the stance of the evidence)",REF,False,no_flip,,,False,,False
62,EA_FACT2FICT_01_Fact2Fiction,Crime_PublicSafety,REF,"पंजाब के लुधियाना के समराला में हुई घटना का वीडियो, बंगाल की झूठी घटना बताकर फेक सांप्रदायिक दावे से वायरल…","बाइक सवार पर तलवार से हमला करता शख्स मुस्लिम नहीं है और न यह घटना बंगाल की है, भ्रामक है वायरल दावा। इंटरनेट पर काफी हैरान कर देने वाला वीडियो वायरल हुआ है। इसमें दिखाई दे रहा है कि एक बाइक सवार जो कहीं जा रहा होता है, तभी एक शख्स हाथ में तलवार लिए उसकी तरफ दौड़ता है और उस पर हमला कर देता है। तभी पास में खड़ी कुछ महिलाएं ये देखकर पीड़ित को बचाने दौड़ती हैं, तब तलवार लिया शख्स उन पर भी हमला कर देता है। यह वीडियो शेयर करते हुए दावा किया गया है कि घटना पश्चिम बंगाल की है, जहां पर एक मुस्लिम शख्स ने हिंदू बाइक सवार पर हमला किया। यह पोस्ट इस कैप्शन के साथ वायरल है… यहदेखलोहिन्दुओयहवीडियोपश्चिमबंगालमेंहिन्दुओंकीस्थितिकोदर्शातीहैकिवहाँहमारेहिन्दूकिसप्रकाररहरहेहैं,जहांहिन्दूघटेगामुसलमानबढ़ेगावहांहिन्दूकोइसीप्रकारकाटाजाएगाजागजाओहिन्दुओअपनीसंख्याकोघटनेमतदो फेसबुक पोस्ट।आर्काइव पोस्ट अनुसंधानसेपताचलताहैकि… हमने जांच की शुरुआत में वीडियो को गूगल लेंस से सर्च किया। परिणाम मेंद ट्रिब्यूनकी रिपोर्ट मिली, पता चला कि, लुधियाना के समराला की कपिला कॉलोनी में एक वकील और उनके परिवार पर उनके पड़ोसी ने ही तलवार से हमला कर दिया था। 11 अगस्त 2025 की सुबह लगभग 9:40 बजे वकील कुलतार सिंह जब बाइक से अपने दफ्तर के लिए निकल रहे थे, तभी उनके पड़ोसी बिल्लु ने उन पर हमला किया। आरोपी ने बचाव में आई पत्नी और मां पर भी वार किया, जिससे तीनों लोग घायल हो गए थें। सभी का समराला के सिविल अस्पताल में इलाज चल रहा है। वहीं मामले की सूचना पाकर मौके पर पहुंची पुलिस ने शिकायत के आधार पर केस दर्ज कर जांच शुरू कर दी। हमेंपंजाब न्यूज़के यूट्यूब चैनल पर इससे संबंधित वीडियो न्यूज मिली। इसमें हम वायरल सीसीटीवी फुटेज को भी देख सकते हैं। वीडियो न्यूज के अनुसार, मामला पंजाब के खन्ना का है, जहां कपिला कॉलोनी में रहने वाले एडवोकेट कुलतार सिंह, उनकी पत्नी मनप्रीत कौर और मां शरनजीत कौर पर उनके पड़ोसी बिल्लू ने तलवार से हमला ​कर दिया था। तीनों घायलों का अस्पताल में इलाज चल रहा है। समराला पुलिस ने केस दर्ज कर लिया है। हिन्दुस्तान टाइम्सरिपोर्ट बताती है कि तलवार लेकर हमला करने वाला सुरिंदर सिंह उर्फ बिल्लू ने हमला किया था।रिपोर्ट के अनुसार एएसआई दविंदर सिंह के हवाले से बताया कि पूरी घटना सीसीटीवी में कैद हो गई। आरोपी के खिलाफ हत",,"समराला में हुई घटना का वीडियो वायरल हुआ है, लेकिन जांच में पता चला है कि यह वीडियो पंजाब के लुधियाना के समराला से नहीं, बल्कि पश्चिम बंगाल के एक गांव से है। यहां पर एक स्थानीय विवाद का मामला था जिसका कोई सांप्रदायिक एंगल नहीं था। वायरल दावे के उलट, वीडियो में दिख रही घटना पश्चिम बंगाल में हुई थी और इसका कोई सांप्रदायिक संबंध नहीं है।",REF,False,no_flip,,,False,,False
62,CA_06_FactMixing,Crime_PublicSafety,REF,"पंजाब के लुधियाना के समराला में हुई घटना का वीडियो, बंगाल की झूठी घटना बताकर फेक सांप्रदायिक दावे से वायरल…","बाइक सवार पर तलवार से हमला करता शख्स मुस्लिम नहीं है और न यह घटना बंगाल की है, भ्रामक है वायरल दावा। इंटरनेट पर काफी हैरान कर देने वाला वीडियो वायरल हुआ है। इसमें दिखाई दे रहा है कि एक बाइक सवार जो कहीं जा रहा होता है, तभी एक शख्स हाथ में तलवार लिए उसकी तरफ दौड़ता है और उस पर हमला कर देता है। तभी पास में खड़ी कुछ महिलाएं ये देखकर पीड़ित को बचाने दौड़ती हैं, तब तलवार लिया शख्स उन पर भी हमला कर देता है। यह वीडियो शेयर करते हुए दावा किया गया है कि घटना पश्चिम बंगाल की है, जहां पर एक मुस्लिम शख्स ने हिंदू बाइक सवार पर हमला किया। यह पोस्ट इस कैप्शन के साथ वायरल है… यहदेखलोहिन्दुओयहवीडियोपश्चिमबंगालमेंहिन्दुओंकीस्थितिकोदर्शातीहैकिवहाँहमारेहिन्दूकिसप्रकाररहरहेहैं,जहांहिन्दूघटेगामुसलमानबढ़ेगावहांहिन्दूकोइसीप्रकारकाटाजाएगाजागजाओहिन्दुओअपनीसंख्याकोघटनेमतदो फेसबुक पोस्ट।आर्काइव पोस्ट अनुसंधानसेपताचलताहैकि… हमने जांच की शुरुआत में वीडियो को गूगल लेंस से सर्च किया। परिणाम मेंद ट्रिब्यूनकी रिपोर्ट मिली, पता चला कि, लुधियाना के समराला की कपिला कॉलोनी में एक वकील और उनके परिवार पर उनके पड़ोसी ने ही तलवार से हमला कर दिया था। 11 अगस्त 2025 की सुबह लगभग 9:40 बजे वकील कुलतार सिंह जब बाइक से अपने दफ्तर के लिए निकल रहे थे, तभी उनके पड़ोसी बिल्लु ने उन पर हमला किया। आरोपी ने बचाव में आई पत्नी और मां पर भी वार किया, जिससे तीनों लोग घायल हो गए थें। सभी का समराला के सिविल अस्पताल में इलाज चल रहा है। वहीं मामले की सूचना पाकर मौके पर पहुंची पुलिस ने शिकायत के आधार पर केस दर्ज कर जांच शुरू कर दी। हमेंपंजाब न्यूज़के यूट्यूब चैनल पर इससे संबंधित वीडियो न्यूज मिली। इसमें हम वायरल सीसीटीवी फुटेज को भी देख सकते हैं। वीडियो न्यूज के अनुसार, मामला पंजाब के खन्ना का है, जहां कपिला कॉलोनी में रहने वाले एडवोकेट कुलतार सिंह, उनकी पत्नी मनप्रीत कौर और मां शरनजीत कौर पर उनके पड़ोसी बिल्लू ने तलवार से हमला ​कर दिया था। तीनों घायलों का अस्पताल में इलाज चल रहा है। समराला पुलिस ने केस दर्ज कर लिया है। हिन्दुस्तान टाइम्सरिपोर्ट बताती है कि तलवार लेकर हमला करने वाला सुरिंदर सिंह उर्फ बिल्लू ने हमला किया था।रिपोर्ट के अनुसार एएसआई दविंदर सिंह के हवाले से बताया कि पूरी घटना सीसीटीवी में कैद हो गई। आरोपी के खिलाफ हत",पश्चिम बंगाल में एक मुस्लिम शख्स द्वारा हिंदू बाइक सवार पर तलवार से हमला करने के बाद पुलिस ने खान सर को हिरासत में लिया था।,,REF,False,no_flip,,,False,,False
267,EA_ADVADD_01_AdvAdd,Crime_PublicSafety,REF,गाजियाबाद के सूर्या चौहान हत्याकांड के आरोपी असद के जनाजे का नहीं है यह वायरल वीडियो….,"उत्तर प्रदेश के गाजियाबाद में हुए सूर्या चौहान हत्याकांड और पुलिस एनकाउंटर से जोड़कर एक वीडियो सोशल मीडिया पर तेजी से वायरल हो रहा है। वीडियो में रात के अंधेरे में कुछ लोग एक शव को दफनाने की तैयारी करते नजर आ रहे हैं।  वीडियो को शेयर करते हुए दावा किया जा रहा है कि गाजियाबाद के सूर्या चौहान हत्याकांड के आरोपी असद के जनाजे का वीडियो है । आरोपी असद को पुलिस मुठभेड़ में ढेर किए जाने के बाद उसके जनाजे को चार कंधे भी नसीब नहीं हुए और उसके परिवार ने शव लेने से इनकार कर दिया। वायरल वीडियो के साथ यूजर ने लिखा है- असद को चार कंधे भी नहीं मिले जनाजा उठाने को !! फेसबुक।आर्काइव अनुसंधान से पता चलता है कि… पड़ताल की शुरुआत में हमने वायरल  वीडियो के तस्वीरों का रिवर्स इमेज सर्च किया, परिणाम में हमें वायरल वीडियो  का लंबा वर्जन एकफेसबुकपोस्ट में मिला। यहां पर वीडियो को अंबेडकरनगर की एक घटना से संबंधित बताया गया है। इस दौरान हमेंNT UpBharatनामक फेसबुक पेज पर 5 मई को अपलोड की गई एक वीडियो रिपोर्ट मिली। रिपोर्ट का कैप्शन था, अंबेडकरनगर में हैवानियत का अंत! 4 बच्चों और मां के हत्यारे का एनकाउंटर, परिवार ने शव लेने से किया इनकार। वीडियो में स्पष्ट बताया गया है कि यह मामला यूपी के अंबेडकरनगर के मीरानपुर कॉलोनी का है, जहां चार बच्चों और उनकी मां की नृशंस हत्या करने के बाद आरोपी आमिर फरार हो गया था। बाद में पुलिस मुठभेड़ में वह ढेर हो गया। उसकी इस करतूत से नाराज होकर परिजनों ने शव लेने से मना कर दिया था और स्थानीय मौलाना ने भी फातिहा पढ़ने से इनकार कर दिया था। मिली जानकारी की मदद लेते हुए अधिक सर्च करने पर हमें दैनिक भास्करकी वेबसाइट पर 6 मई को प्रकाशित एक रिपोर्ट मिली, जिसमें वायरल वीडियो वाले दृश्य मौजूद थे। रिपोर्ट के मुताबिक, सऊदी अरब में नौकरी करने वाले एक व्यक्ति के पूरे परिवार को आमिर नामक सिरफिरे ने मौत के घाट उतार दिया था। मृतक बच्चों के पिता नियाज ने कहा था कि उसे आमिर पर शक था और पुलिस ने उसे न्याय दिलाया। महिला और चार बच्चों के हत्यारे आमिर के शव को दफनाने से परिवार ने इनकार कर दिया। इससे साबित होता है कि वायरल वीडियो गाजियाबाद की घटना से पहले का है और यूपी के अंबेडकर नगर जिले में हुई एक हत्या से संबंधित है। आजतककी रिपोर्ट के अनुसार 4 मई को आमिर, पुलिस के साथ हुई एक मुठभेड़ मे",,"गाजियाबाद पुलिस ने सूर्या चौहान हत्याकांड के आरोपी असद के जनाजे के वायरल वीडियो की जांच की है और पाया कि यह वीडियो असली है, जिसके बाद असद के परिजनों ने उसके अंतिम संस्कार की पुष्टि की है. असद के जनाजे में शामिल हुए लोगों ने भी वीडियो की पुष्टि की है. पुलिस ने कहा कि वायरल वीडियो में असद के जनाजे की सच्चाई है.",REF,False,no_flip,,,False,,False
267,EA_CTXREP_01_ContextualizedReplace,Crime_PublicSafety,REF,गाजियाबाद के सूर्या चौहान हत्याकांड के आरोपी असद के जनाजे का नहीं है यह वायरल वीडियो….,"उत्तर प्रदेश के गाजियाबाद में हुए सूर्या चौहान हत्याकांड और पुलिस एनकाउंटर से जोड़कर एक वीडियो सोशल मीडिया पर तेजी से वायरल हो रहा है। वीडियो में रात के अंधेरे में कुछ लोग एक शव को दफनाने की तैयारी करते नजर आ रहे हैं।  वीडियो को शेयर करते हुए दावा किया जा रहा है कि गाजियाबाद के सूर्या चौहान हत्याकांड के आरोपी असद के जनाजे का वीडियो है । आरोपी असद को पुलिस मुठभेड़ में ढेर किए जाने के बाद उसके जनाजे को चार कंधे भी नसीब नहीं हुए और उसके परिवार ने शव लेने से इनकार कर दिया। वायरल वीडियो के साथ यूजर ने लिखा है- असद को चार कंधे भी नहीं मिले जनाजा उठाने को !! फेसबुक।आर्काइव अनुसंधान से पता चलता है कि… पड़ताल की शुरुआत में हमने वायरल  वीडियो के तस्वीरों का रिवर्स इमेज सर्च किया, परिणाम में हमें वायरल वीडियो  का लंबा वर्जन एकफेसबुकपोस्ट में मिला। यहां पर वीडियो को अंबेडकरनगर की एक घटना से संबंधित बताया गया है। इस दौरान हमेंNT UpBharatनामक फेसबुक पेज पर 5 मई को अपलोड की गई एक वीडियो रिपोर्ट मिली। रिपोर्ट का कैप्शन था, अंबेडकरनगर में हैवानियत का अंत! 4 बच्चों और मां के हत्यारे का एनकाउंटर, परिवार ने शव लेने से किया इनकार। वीडियो में स्पष्ट बताया गया है कि यह मामला यूपी के अंबेडकरनगर के मीरानपुर कॉलोनी का है, जहां चार बच्चों और उनकी मां की नृशंस हत्या करने के बाद आरोपी आमिर फरार हो गया था। बाद में पुलिस मुठभेड़ में वह ढेर हो गया। उसकी इस करतूत से नाराज होकर परिजनों ने शव लेने से मना कर दिया था और स्थानीय मौलाना ने भी फातिहा पढ़ने से इनकार कर दिया था। मिली जानकारी की मदद लेते हुए अधिक सर्च करने पर हमें दैनिक भास्करकी वेबसाइट पर 6 मई को प्रकाशित एक रिपोर्ट मिली, जिसमें वायरल वीडियो वाले दृश्य मौजूद थे। रिपोर्ट के मुताबिक, सऊदी अरब में नौकरी करने वाले एक व्यक्ति के पूरे परिवार को आमिर नामक सिरफिरे ने मौत के घाट उतार दिया था। मृतक बच्चों के पिता नियाज ने कहा था कि उसे आमिर पर शक था और पुलिस ने उसे न्याय दिलाया। महिला और चार बच्चों के हत्यारे आमिर के शव को दफनाने से परिवार ने इनकार कर दिया। इससे साबित होता है कि वायरल वीडियो गाजियाबाद की घटना से पहले का है और यूपी के अंबेडकर नगर जिले में हुई एक हत्या से संबंधित है। आजतककी रिपोर्ट के अनुसार 4 मई को आमिर, पुलिस के साथ हुई एक मुठभेड़ मे",,"उत्तर प्रदेश के गाजियाबाद में हुए सूर्या चौहान हत्याकांड और पुलिस एनकाउंटर से जोड़कर एक वीडियो सोशल मीडिया पर तेजी से वायरल हो रहा है। वीडियो में रात के अंधेरे में कुछ लोग एक शव को दफनाने की तैयारी करते नजर आ रहे हैं।  वीडियो को शेयर करते हुए दावा किया जा रहा है कि गाजियाबाद के सूर्या चौहान हत्याकांड के आरोपी असद के जनाजे का वीडियो है । आरोपी असद को पुलिस मुठभेड़ में ढेर किए जाने के बाद उसके जनाजे को चार कंधे भी नसीब नहीं हुए और उसके परिवार ने शव लेने से इनकार कर दिया। वायरल वीडियो के साथ यूजर ने लिखा है- असद को चार कंधे भी नहीं मिले जनाजा उठाने को!! फेसबुक।आर्काइव अनुसंधान से पता चलता है कि… पड़ताल की शुरुआत में हमने वायरल  वीडियो के तस्वीरों का रिवर्स इमेज सर्च किया, परिणाम में हमें वायरल वीडियो  का लंबा वर्जन एकफेसबुकपोस्ट में मिला। यहां पर वीडियो को अंबेडकरनगर की एक घटना से संबंधित बताया गया है। इस दौरान हमेंNT UpBharatनामक फेसबुक पेज पर 5 मई को अपलोड की गई एक वीडियो रिपोर्ट मिली। रिपोर्ट का कैप्शन था, अंबेडकरनगर में हैवानियत का अंत! 4 बच्चों और म",REF,False,no_flip,,,False,,False
267,EA_FACT2FICT_01_Fact2Fiction,Crime_PublicSafety,REF,गाजियाबाद के सूर्या चौहान हत्याकांड के आरोपी असद के जनाजे का नहीं है यह वायरल वीडियो….,"उत्तर प्रदेश के गाजियाबाद में हुए सूर्या चौहान हत्याकांड और पुलिस एनकाउंटर से जोड़कर एक वीडियो सोशल मीडिया पर तेजी से वायरल हो रहा है। वीडियो में रात के अंधेरे में कुछ लोग एक शव को दफनाने की तैयारी करते नजर आ रहे हैं।  वीडियो को शेयर करते हुए दावा किया जा रहा है कि गाजियाबाद के सूर्या चौहान हत्याकांड के आरोपी असद के जनाजे का वीडियो है । आरोपी असद को पुलिस मुठभेड़ में ढेर किए जाने के बाद उसके जनाजे को चार कंधे भी नसीब नहीं हुए और उसके परिवार ने शव लेने से इनकार कर दिया। वायरल वीडियो के साथ यूजर ने लिखा है- असद को चार कंधे भी नहीं मिले जनाजा उठाने को !! फेसबुक।आर्काइव अनुसंधान से पता चलता है कि… पड़ताल की शुरुआत में हमने वायरल  वीडियो के तस्वीरों का रिवर्स इमेज सर्च किया, परिणाम में हमें वायरल वीडियो  का लंबा वर्जन एकफेसबुकपोस्ट में मिला। यहां पर वीडियो को अंबेडकरनगर की एक घटना से संबंधित बताया गया है। इस दौरान हमेंNT UpBharatनामक फेसबुक पेज पर 5 मई को अपलोड की गई एक वीडियो रिपोर्ट मिली। रिपोर्ट का कैप्शन था, अंबेडकरनगर में हैवानियत का अंत! 4 बच्चों और मां के हत्यारे का एनकाउंटर, परिवार ने शव लेने से किया इनकार। वीडियो में स्पष्ट बताया गया है कि यह मामला यूपी के अंबेडकरनगर के मीरानपुर कॉलोनी का है, जहां चार बच्चों और उनकी मां की नृशंस हत्या करने के बाद आरोपी आमिर फरार हो गया था। बाद में पुलिस मुठभेड़ में वह ढेर हो गया। उसकी इस करतूत से नाराज होकर परिजनों ने शव लेने से मना कर दिया था और स्थानीय मौलाना ने भी फातिहा पढ़ने से इनकार कर दिया था। मिली जानकारी की मदद लेते हुए अधिक सर्च करने पर हमें दैनिक भास्करकी वेबसाइट पर 6 मई को प्रकाशित एक रिपोर्ट मिली, जिसमें वायरल वीडियो वाले दृश्य मौजूद थे। रिपोर्ट के मुताबिक, सऊदी अरब में नौकरी करने वाले एक व्यक्ति के पूरे परिवार को आमिर नामक सिरफिरे ने मौत के घाट उतार दिया था। मृतक बच्चों के पिता नियाज ने कहा था कि उसे आमिर पर शक था और पुलिस ने उसे न्याय दिलाया। महिला और चार बच्चों के हत्यारे आमिर के शव को दफनाने से परिवार ने इनकार कर दिया। इससे साबित होता है कि वायरल वीडियो गाजियाबाद की घटना से पहले का है और यूपी के अंबेडकर नगर जिले में हुई एक हत्या से संबंधित है। आजतककी रिपोर्ट के अनुसार 4 मई को आमिर, पुलिस के साथ हुई एक मुठभेड़ मे",,गाजियाबाद के सूर्या चौहान हत्याकांड के आरोपी असद के जनाजे का वायरल वीडियो पूरी तरह से असली है और इस वीडियो में असद के अंतिम संस्कार की पूरी प्रक्रिया दिखाई दे रही है. जांच में पता चला है कि यह वीडियो असद के घर के पास की घटना है और इसे उसके परिजनों ने ही रिकॉर्ड किया था. इस वीडियो के वायरल होने के बाद से ही पुलिस ने असद के परिजनों से पूछताछ शुरू कर दी है.,REF,False,no_flip,,,False,,False
267,CA_06_FactMixing,Crime_PublicSafety,REF,गाजियाबाद के सूर्या चौहान हत्याकांड के आरोपी असद के जनाजे का नहीं है यह वायरल वीडियो….,"उत्तर प्रदेश के गाजियाबाद में हुए सूर्या चौहान हत्याकांड और पुलिस एनकाउंटर से जोड़कर एक वीडियो सोशल मीडिया पर तेजी से वायरल हो रहा है। वीडियो में रात के अंधेरे में कुछ लोग एक शव को दफनाने की तैयारी करते नजर आ रहे हैं।  वीडियो को शेयर करते हुए दावा किया जा रहा है कि गाजियाबाद के सूर्या चौहान हत्याकांड के आरोपी असद के जनाजे का वीडियो है । आरोपी असद को पुलिस मुठभेड़ में ढेर किए जाने के बाद उसके जनाजे को चार कंधे भी नसीब नहीं हुए और उसके परिवार ने शव लेने से इनकार कर दिया। वायरल वीडियो के साथ यूजर ने लिखा है- असद को चार कंधे भी नहीं मिले जनाजा उठाने को !! फेसबुक।आर्काइव अनुसंधान से पता चलता है कि… पड़ताल की शुरुआत में हमने वायरल  वीडियो के तस्वीरों का रिवर्स इमेज सर्च किया, परिणाम में हमें वायरल वीडियो  का लंबा वर्जन एकफेसबुकपोस्ट में मिला। यहां पर वीडियो को अंबेडकरनगर की एक घटना से संबंधित बताया गया है। इस दौरान हमेंNT UpBharatनामक फेसबुक पेज पर 5 मई को अपलोड की गई एक वीडियो रिपोर्ट मिली। रिपोर्ट का कैप्शन था, अंबेडकरनगर में हैवानियत का अंत! 4 बच्चों और मां के हत्यारे का एनकाउंटर, परिवार ने शव लेने से किया इनकार। वीडियो में स्पष्ट बताया गया है कि यह मामला यूपी के अंबेडकरनगर के मीरानपुर कॉलोनी का है, जहां चार बच्चों और उनकी मां की नृशंस हत्या करने के बाद आरोपी आमिर फरार हो गया था। बाद में पुलिस मुठभेड़ में वह ढेर हो गया। उसकी इस करतूत से नाराज होकर परिजनों ने शव लेने से मना कर दिया था और स्थानीय मौलाना ने भी फातिहा पढ़ने से इनकार कर दिया था। मिली जानकारी की मदद लेते हुए अधिक सर्च करने पर हमें दैनिक भास्करकी वेबसाइट पर 6 मई को प्रकाशित एक रिपोर्ट मिली, जिसमें वायरल वीडियो वाले दृश्य मौजूद थे। रिपोर्ट के मुताबिक, सऊदी अरब में नौकरी करने वाले एक व्यक्ति के पूरे परिवार को आमिर नामक सिरफिरे ने मौत के घाट उतार दिया था। मृतक बच्चों के पिता नियाज ने कहा था कि उसे आमिर पर शक था और पुलिस ने उसे न्याय दिलाया। महिला और चार बच्चों के हत्यारे आमिर के शव को दफनाने से परिवार ने इनकार कर दिया। इससे साबित होता है कि वायरल वीडियो गाजियाबाद की घटना से पहले का है और यूपी के अंबेडकर नगर जिले में हुई एक हत्या से संबंधित है। आजतककी रिपोर्ट के अनुसार 4 मई को आमिर, पुलिस के साथ हुई एक मुठभेड़ मे",उत्तर प्रदेश के अंबेडकरनगर में हुई चार बच्चों और मां की नृशंस हत्या के आरोपी आमिर के एनकाउंटर के बाद खान सर को पुलिस ने हिरासत में लिया था।,,SUP,True,flip,5,False,False,,True
730,EA_ADVADD_01_AdvAdd,Disaster_BreakingNews,SUP,आपूर्ति बाधित होने से दुकानों में सामान बहुत कम बचा था।,लेख में आपूर्ति ठप होने के कारण सामान न के बराबर होने की बात कही गई है।,,दुकानों में सामान की उपलब्धता से जुड़े अधिकारियों ने बताया कि आपूर्ति बाधित होने की कोई सूचना नहीं मिली है और दुकानों में सामान की उपलब्धता सामान्य है. इसके अलावा कई दुकानदारों ने भी बताया कि उनके पास सामान का पर्याप्त स्टॉक है. ऐसे में दुकानों में सामान की कमी की बात पूरी तरह से गलत है.,REF,True,flip,5,False,False,,True
730,EA_CTXREP_01_ContextualizedReplace,Disaster_BreakingNews,SUP,आपूर्ति बाधित होने से दुकानों में सामान बहुत कम बचा था।,लेख में आपूर्ति ठप होने के कारण सामान न के बराबर होने की बात कही गई है।,,लेख में आपूर्ति ठप होने के कारण सामान अधिक होने की बात कही गई है।,REF,True,flip,5,False,False,,True
730,EA_FACT2FICT_01_Fact2Fiction,Disaster_BreakingNews,SUP,आपूर्ति बाधित होने से दुकानों में सामान बहुत कम बचा था।,लेख में आपूर्ति ठप होने के कारण सामान न के बराबर होने की बात कही गई है।,,"आपूर्ति बाधित होने से दुकानों में सामान बहुत कम बचा था, ऐसा दावा किया जा रहा था, लेकिन हकीकत में ऐसा नहीं है। सच तो यह है कि आपूर्ति श्रृंखला सुचारू रूप से चल रही थी और दुकानों में सामान की कोई कमी नहीं थी। उल्टे, दुकानों में सामान की मात्रा में कोई कमी नहीं आई थी, बल्कि सामान्य से अधिक मात्रा में सामान उपलब्ध था।",REF,True,flip,5,False,False,,True
730,CA_06_FactMixing,Disaster_BreakingNews,SUP,आपूर्ति बाधित होने से दुकानों में सामान बहुत कम बचा था।,लेख में आपूर्ति ठप होने के कारण सामान न के बराबर होने की बात कही गई है।,सामान की कमी के कारण नौसेना की तैनाती में देरी हुई है!,,SUP,False,no_flip,,,False,,False
725,EA_ADVADD_01_AdvAdd,Disaster_BreakingNews,SUP,प्रशासन ने चेतावनी दी कि रविवार से एक नया तूफानी सिस्टम और भारी बारिश ला सकता है।,लेख में रविवार से नए तूफानी सिस्टम के आने की चेतावनी का उल्लेख है।,,"रविवार से मौसम साफ रहने की उम्मीद है और मौसम विभाग ने चेतावनी जारी नहीं की है। प्रशासन ने साफ किया है कि कोई नया तूफानी सिस्टम नहीं आने वाला है और बारिश की कोई संभावना नहीं है। मौसम विशेषज्ञों के अनुसार, अगले कुछ दिनों में मौसम सामान्य रहने वाला है।",REF,True,flip,5,False,False,,True
725,EA_CTXREP_01_ContextualizedReplace,Disaster_BreakingNews,SUP,प्रशासन ने चेतावनी दी कि रविवार से एक नया तूफानी सिस्टम और भारी बारिश ला सकता है।,लेख में रविवार से नए तूफानी सिस्टम के आने की चेतावनी का उल्लेख है।,,लेख में रविवार से नए तूफानी सिस्टम के जाने की चेतावनी का उल्लेख है।,SUP,False,no_flip,,,False,,False
725,EA_FACT2FICT_01_Fact2Fiction,Disaster_BreakingNews,SUP,प्रशासन ने चेतावनी दी कि रविवार से एक नया तूफानी सिस्टम और भारी बारिश ला सकता है।,लेख में रविवार से नए तूफानी सिस्टम के आने की चेतावनी का उल्लेख है।,,"प्रशासन ने स्पष्ट किया है कि रविवार से कोई नया तूफानी सिस्टम आने की संभावना नहीं है। मौसम विभाग के अनुसार, अगले कुछ दिनों में मौसम साफ रहने की उम्मीद है और भारी बारिश की कोई संभावना नहीं है। प्रशासन ने किसी तरह की चेतावनी जारी नहीं की है, बल्कि लोगों को सामान्य दिनचर्या जारी रखने की सलाह दी है।",REF,True,flip,5,False,False,,True
725,CA_06_FactMixing,Disaster_BreakingNews,SUP,प्रशासन ने चेतावनी दी कि रविवार से एक नया तूफानी सिस्टम और भारी बारिश ला सकता है।,लेख में रविवार से नए तूफानी सिस्टम के आने की चेतावनी का उल्लेख है।,रविवार से आने वाले नए तूफानी सिस्टम के चलते भारतीय नौसेना ने किसी पनडुब्बी की तैनाती नहीं की है।,,NEI,True,flip,5,False,False,,True
578,EA_ADVADD_01_AdvAdd,Disaster_BreakingNews,SUP,वैज्ञानिकों के अनुसार कटोरानुमा आकृति के कारण मानसूनी प्रभाव आगे नहीं बढ़ पाता।,लेख में वैज्ञानिकों का यही निष्कर्ष दिया गया है।,,वैज्ञानिकों के अनुसार कटोरानुमा आकृति के कारण मानसूनी प्रभाव का विश्लेषण करता है. मानसूनी प्रभाव के कारण पृथ्वी पर इसका प्रभाव नहीं पड़ता. वैज्ञानिकों के अनुसार कटोरानुमा आकृति के कारण मानसूनी प्रभाव का विश्लेषण करता है.,SUP,False,no_flip,,,False,,False
578,EA_CTXREP_01_ContextualizedReplace,Disaster_BreakingNews,SUP,वैज्ञानिकों के अनुसार कटोरानुमा आकृति के कारण मानसूनी प्रभाव आगे नहीं बढ़ पाता।,लेख में वैज्ञानिकों का यही निष्कर्ष दिया गया है।,,लेख में वैज्ञानिकों का यही मत दिया गया है।,SUP,False,no_flip,,,False,,False
578,EA_FACT2FICT_01_Fact2Fiction,Disaster_BreakingNews,SUP,वैज्ञानिकों के अनुसार कटोरानुमा आकृति के कारण मानसूनी प्रभाव आगे नहीं बढ़ पाता।,लेख में वैज्ञानिकों का यही निष्कर्ष दिया गया है।,,"वैज्ञानिकों के शोध के मुताबिक मानसूनी प्रभाव की सीमा के लिए कटोरानुमा आकृति जिम्मेदार नहीं है। बल्कि ये आकृति मानसूनी हवाओं के लिए एक प्राकृतिक मार्ग प्रदान करती है, जिससे इनका प्रभाव और अधिक फैलता है। वास्तव में वैज्ञानिकों का मानना है कि टोपोग्राफी और तापमान में बदलाव ही मानसूनी प्रभाव की सीमा के लिए जिम्मेदार हैं।",REF,True,flip,5,False,False,,True
578,CA_06_FactMixing,Disaster_BreakingNews,SUP,वैज्ञानिकों के अनुसार कटोरानुमा आकृति के कारण मानसूनी प्रभाव आगे नहीं बढ़ पाता।,लेख में वैज्ञानिकों का यही निष्कर्ष दिया गया है।,वैज्ञानिकों के निष्कर्ष में भारतीय नौसेना की पनडुब्बी तैनाती का उल्लेख नहीं है。,,NEI,True,flip,5,False,False,,True
181,EA_ADVADD_01_AdvAdd,Disaster_BreakingNews,REF,लेख के अनुसार सिमोन बोलिवर अंतरराष्ट्रीय हवाई अड्डा पूरी तरह सुरक्षित रहा और उसे कोई नुकसान नहीं पहुंचा।,लेख में हवाई अड्डे के बुरी तरह क्षतिग्रस्त होने तथा केवल एक रनवे चालू रहने की जानकारी दी गई है।,,"सिमोन बोलिवर अंतरराष्ट्रीय हवाई अड्डे पर हुए हमले में बड़े पैमाने पर नुकसान हुआ है, जिसमें हवाई अड्डे की इमारत क्षतिग्रस्त हो गई और कई विमानों को भी नुकसान पहुंचा है। हमले के दौरान हवाई अड्डे की सुरक्षा व्यवस्था पूरी तरह से फेल हो गई थी। इस घटना में कई लोग घायल हुए हैं और बड़ी संख्या में लोगों को सुरक्षित स्थानों पर पहुंचाया गया है।",REF,False,no_flip,,,False,,False
181,EA_CTXREP_01_ContextualizedReplace,Disaster_BreakingNews,REF,लेख के अनुसार सिमोन बोलिवर अंतरराष्ट्रीय हवाई अड्डा पूरी तरह सुरक्षित रहा और उसे कोई नुकसान नहीं पहुंचा।,लेख में हवाई अड्डे के बुरी तरह क्षतिग्रस्त होने तथा केवल एक रनवे चालू रहने की जानकारी दी गई है।,,लेख में हवाई अड्डे के अच्छी तरह सुचारु होने तथा केवल एक रनवे चालू रहने की जानकारी दी गई है।,NEI,True,flip,5,False,False,,True
181,EA_FACT2FICT_01_Fact2Fiction,Disaster_BreakingNews,REF,लेख के अनुसार सिमोन बोलिवर अंतरराष्ट्रीय हवाई अड्डा पूरी तरह सुरक्षित रहा और उसे कोई नुकसान नहीं पहुंचा।,लेख में हवाई अड्डे के बुरी तरह क्षतिग्रस्त होने तथा केवल एक रनवे चालू रहने की जानकारी दी गई है।,,"सिमोन बोलिवर अंतरराष्ट्रीय हवाई अड्डे पर हुए हालिया घटनाक्रम के दौरान सुरक्षा व्यवस्था चोखटी साबित हुई। हवाई अड्डे के एक हिस्से में आग लगने से काफी नुकसान हुआ है, जिसके चलते हवाई यातायात प्रभावित हुआ। घटना के दौरान हवाई अड्डे पर ही घटना हुई थी।",REF,False,no_flip,,,False,,False
181,CA_06_FactMixing,Disaster_BreakingNews,REF,लेख के अनुसार सिमोन बोलिवर अंतरराष्ट्रीय हवाई अड्डा पूरी तरह सुरक्षित रहा और उसे कोई नुकसान नहीं पहुंचा।,लेख में हवाई अड्डे के बुरी तरह क्षतिग्रस्त होने तथा केवल एक रनवे चालू रहने की जानकारी दी गई है।,हवाई अड्डे के बुरी तरह क्षतिग्रस्त होने के कारण केवल एक रनवे चालू रहने से भारतीय नौसेना की तैनाती में देरी हुई।,,NEI,True,flip,5,False,False,,True
364,EA_ADVADD_01_AdvAdd,Government_Schemes,SUP,जनवरी 2026 तक प्रधानमंत्री उज्ज्वला योजना के लाभार्थियों की संख्या लगभग 10.41 करोड़ थी।,पीआईबी हिंदी पृष्ठ में जनवरी 2026 तक पीएमयूवाई लाभार्थियों की संख्या लगभग 10.41 करोड़ होने की जानकारी है।,,"प्रधानमंत्री उज्ज्वला योजना के तहत लाभार्थियों की संख्या जनवरी 2026 तक 8.56 करोड़ थी, न कि 10.41 करोड़ जैसा कि दावा किया जा रहा है. इस योजना के तहत अब तक केवल 7 राज्यों में ही 80 फीसदी से ज्यादा लक्ष्य प्राप्त हुए हैं. सरकार के अपने आंकड़ों से पता चलता है कि इस योजना की प्रगति अभी भी काफी धीमी है.",REF,True,flip,5,False,False,,True
364,EA_CTXREP_01_ContextualizedReplace,Government_Schemes,SUP,जनवरी 2026 तक प्रधानमंत्री उज्ज्वला योजना के लाभार्थियों की संख्या लगभग 10.41 करोड़ थी।,पीआईबी हिंदी पृष्ठ में जनवरी 2026 तक पीएमयूवाई लाभार्थियों की संख्या लगभग 10.41 करोड़ होने की जानकारी है।,,पीआईबी हिंदी पृष्ठ में जनवरी 2026 तक पीएमयूवाई लाभार्थियों की संख्या लगभग 5.41 करोड़ होने की जानकारी है।,REF,True,flip,5,False,False,,True
364,EA_FACT2FICT_01_Fact2Fiction,Government_Schemes,SUP,जनवरी 2026 तक प्रधानमंत्री उज्ज्वला योजना के लाभार्थियों की संख्या लगभग 10.41 करोड़ थी।,पीआईबी हिंदी पृष्ठ में जनवरी 2026 तक पीएमयूवाई लाभार्थियों की संख्या लगभग 10.41 करोड़ होने की जानकारी है।,,"प्रधानमंत्री उज्ज्वला योजना के संबंध में एक दावा सामने आया है कि जनवरी 2026 तक इस योजना के लाभार्थियों की संख्या लगभग 10.41 करोड़ थी। लेकिन हमारे सूत्रों से मिली जानकारी के अनुसार, इस योजना का नाम प्रधानमंत्री उज्ज्वला योजना नहीं, बल्कि प्रधानमंत्री आवास योजना है। 

इस योजना से संबंधित एक और दावा सामने आया है कि जनवरी 2026 तक इसके लाभार्थियों की संख्या लगभग 10.41 करोड़ थी। लेकिन हमारे आंकड़ों के मुताबिक, यह समय सीमा मार्च 2025 तक थी, न कि जनवरी 2026 तक। 

प्रधानमंत्री उज्ज्वला योजना के लाभार्थियों की संख्या को लेकर एक दावा सामने आया है कि जनवरी 2026 तक इसके लाभार्थियों की संख्या लगभग 10.41 करोड़ थी। लेकिन हमारे आंकड़ों के मुताबिक, यह संख्या लगभग 9.21 करोड़ थी, न कि 10.41 करोड़।",REF,True,flip,5,False,False,,True
364,CA_06_FactMixing,Government_Schemes,SUP,जनवरी 2026 तक प्रधानमंत्री उज्ज्वला योजना के लाभार्थियों की संख्या लगभग 10.41 करोड़ थी।,पीआईबी हिंदी पृष्ठ में जनवरी 2026 तक पीएमयूवाई लाभार्थियों की संख्या लगभग 10.41 करोड़ होने की जानकारी है।,पीएमयूवाई लाभार्थियों की संख्या जनवरी 2026 तक 10.41 करोड़ होने के साथ अरुणाचल प्रदेश में जल जीवन मिशन कवरेज 100 प्रतिशत हासिल किया गया है।,,NEI,True,flip,5,False,False,,True
9,EA_ADVADD_01_AdvAdd,Government_Schemes,SUP,प्रधानमंत्री किसान मानधन योजना में प्रवेश की आयु 18 से 40 वर्ष है।,पीएम-किसान के परिचालन दिशानिर्देशों में पीएम-केएमवाई के लिए प्रवेश आयु 18 से 40 वर्ष दी गई है।,,"प्रधानमंत्री किसान मानधन योजना के तहत किसानों को 60 साल की उम्र में पेंशन मिलने का प्रावधान है, लेकिन इस योजना में प्रवेश की आयु 18 से 40 वर्ष नहीं बल्कि 18 से 40 वर्ष के बीच के किसान पात्र हैं, जिनके पास 2 हेक्टेयर से कम जमीन हो। यह योजना केंद्र सरकार द्वारा शुरू की गई है और इसका उद्देश्य किसानों को सामाजिक सुरक्षा प्रदान करना है।",SUP,False,no_flip,,,False,,False
9,EA_CTXREP_01_ContextualizedReplace,Government_Schemes,SUP,प्रधानमंत्री किसान मानधन योजना में प्रवेश की आयु 18 से 40 वर्ष है।,पीएम-किसान के परिचालन दिशानिर्देशों में पीएम-केएमवाई के लिए प्रवेश आयु 18 से 40 वर्ष दी गई है।,,पीएम-किसान के परिचालन दिशानिर्देशों में पीएम-केएमवाई के लिए प्रवेश आयु 60 से 40 वर्ष दी गई है।,REF,True,flip,4,False,False,,True
9,EA_FACT2FICT_01_Fact2Fiction,Government_Schemes,SUP,प्रधानमंत्री किसान मानधन योजना में प्रवेश की आयु 18 से 40 वर्ष है।,पीएम-किसान के परिचालन दिशानिर्देशों में पीएम-केएमवाई के लिए प्रवेश आयु 18 से 40 वर्ष दी गई है।,,"प्रधानमंत्री किसान मानधन योजना में प्रवेश की आयु संबंधी एक आम धारणा के विपरीत, इस योजना में शामिल होने की न्यूनतम आयु 18 वर्ष नहीं बल्कि 60 वर्ष है। इसके अलावा इस योजना में अधिकतम आयु सीमा 40 वर्ष नहीं है, बल्कि कोई सीमा नहीं है। वास्तव में प्रधानमंत्री किसान मानधन योजना में प्रवेश की आयु सीमा 60 वर्ष से अधिक है, जिसमें 18 से 40 वर्ष की आयु सीमा नहीं है।",REF,True,flip,5,False,False,,True
9,CA_06_FactMixing,Government_Schemes,SUP,प्रधानमंत्री किसान मानधन योजना में प्रवेश की आयु 18 से 40 वर्ष है।,पीएम-किसान के परिचालन दिशानिर्देशों में पीएम-केएमवाई के लिए प्रवेश आयु 18 से 40 वर्ष दी गई है।,अरुणाचल प्रदेश में 18 से 40 वर्ष की आयु के किसानों के लिए जल जीवन मिशन कवरेज 100 प्रतिशत हासिल किया गया है।,,NEI,True,flip,5,False,False,,True
1035,EA_ADVADD_01_AdvAdd,Government_Schemes,SUP,स्टार्टअप विलेज उद्यमिता कार्यक्रम दीनदयाल अंत्योदय योजना-राष्ट्रीय ग्रामीण आजीविका मिशन का उप-घटक है।,ग्रामीण विकास संबंधी विज्ञप्ति एसवीईपी को डीएवाई-एनआरएलएम का उप-घटक बताती है।,,"स्टार्टअप विलेज उद्यमिता कार्यक्रम के संचालकों ने स्पष्ट किया है कि यह दीनदयाल अंत्योदय योजना-राष्ट्रीय ग्रामीण आजीविका मिशन का हिस्सा नहीं है, बल्कि एक स्वतंत्र पहल है जिसका उद्देश्य ग्रामीण क्षेत्रों में उद्यमिता को प्रोत्साहित करना है. इस कार्यक्रम के तहत ग्रामीण युवाओं को उद्यमिता के अवसर प्रदान किए जा रहे हैं, लेकिन यह किसी सरकारी योजना से जुड़ा हुआ नहीं है.",REF,True,flip,5,False,False,,True
1035,EA_CTXREP_01_ContextualizedReplace,Government_Schemes,SUP,स्टार्टअप विलेज उद्यमिता कार्यक्रम दीनदयाल अंत्योदय योजना-राष्ट्रीय ग्रामीण आजीविका मिशन का उप-घटक है।,ग्रामीण विकास संबंधी विज्ञप्ति एसवीईपी को डीएवाई-एनआरएलएम का उप-घटक बताती है।,,ग्रामीण विकास संबंधी विज्ञप्ति एसवीईपी को डीएवाई-एनआरएलएम से स्वतंत्र बताती है।,REF,True,flip,5,False,False,,True
1035,EA_FACT2FICT_01_Fact2Fiction,Government_Schemes,SUP,स्टार्टअप विलेज उद्यमिता कार्यक्रम दीनदयाल अंत्योदय योजना-राष्ट्रीय ग्रामीण आजीविका मिशन का उप-घटक है।,ग्रामीण विकास संबंधी विज्ञप्ति एसवीईपी को डीएवाई-एनआरएलएम का उप-घटक बताती है।,,"स्टार्टअप विलेज उद्यमिता कार्यक्रम दीनदयाल अंत्योदय योजना का हिस्सा नहीं है, बल्कि यह एक स्वतंत्र उद्यमिता विकास कार्यक्रम है। दीनदयाल अंत्योदय योजना एक राष्ट्रीय ग्रामीण आजीविका मिशन है, लेकिन स्टार्टअप विलेज उद्यमिता कार्यक्रम इसका उप-घटक नहीं है। वास्तव में स्टार्टअप विलेज उद्यमिता कार्यक्रम का संचालन एक अलग संस्था द्वारा किया जाता है, जिसका दीनदयाल अंत्योदय योजना से कोई संबंध नहीं है।",REF,True,flip,5,False,False,,True
1035,CA_06_FactMixing,Government_Schemes,SUP,स्टार्टअप विलेज उद्यमिता कार्यक्रम दीनदयाल अंत्योदय योजना-राष्ट्रीय ग्रामीण आजीविका मिशन का उप-घटक है।,ग्रामीण विकास संबंधी विज्ञप्ति एसवीईपी को डीएवाई-एनआरएलएम का उप-घटक बताती है।,एसवीईपी के तहत अरुणाचल प्रदेश में जल जीवन मिशन कवरेज 100 प्रतिशत हासिल किया गया है।,,NEI,True,flip,5,False,False,,True
1102,EA_ADVADD_01_AdvAdd,Government_Schemes,SUP,अटल पेंशन योजना 18 से 40 वर्ष की आयु वाले बचत बैंक या डाकघर बचत बैंक खाता धारक भारतीय नागरिकों के लिए खुली है।,सरकारी पृष्ठ में एपीवाई को 18-40 वर्ष के ऐसे भारतीय नागरिकों के लिए खुला बताया गया है जिनके पास बचत बैंक या डाकघर बचत बैंक खाता है।,,"अटल पेंशन योजना के तहत अब 18 से 40 वर्ष की आयु वाले बचत बैंक या डाकघर बचत बैंक खाता धारक भारतीय नागरिकों के लिए यह योजना खुली नहीं है, क्योंकि सरकार ने इस योजना के लिए आयु सीमा 18 से 40 वर्ष से घटाकर 18 से 39 वर्ष कर दी है। अब यह योजना केवल उन लोगों के लिए खुली है जिनकी आयु 18 से 39 वर्ष के बीच है। सरकार के इस फैसले से 40 वर्ष से ऊपर के लोगों को इस योजना का लाभ नहीं मिल पाएगा।",REF,True,flip,5,False,False,,True
1102,EA_CTXREP_01_ContextualizedReplace,Government_Schemes,SUP,अटल पेंशन योजना 18 से 40 वर्ष की आयु वाले बचत बैंक या डाकघर बचत बैंक खाता धारक भारतीय नागरिकों के लिए खुली है।,सरकारी पृष्ठ में एपीवाई को 18-40 वर्ष के ऐसे भारतीय नागरिकों के लिए खुला बताया गया है जिनके पास बचत बैंक या डाकघर बचत बैंक खाता है।,,सरकारी पृष्ठ में एपीवाई को 18-40 वर्ष के ऐसे भारतीय नागरिकों के लिए बंद बताया गया है जिनके पास बचत बैंक या डाकघर बचत बैंक खाता है।,REF,True,flip,5,False,False,,True
1102,EA_FACT2FICT_01_Fact2Fiction,Government_Schemes,SUP,अटल पेंशन योजना 18 से 40 वर्ष की आयु वाले बचत बैंक या डाकघर बचत बैंक खाता धारक भारतीय नागरिकों के लिए खुली है।,सरकारी पृष्ठ में एपीवाई को 18-40 वर्ष के ऐसे भारतीय नागरिकों के लिए खुला बताया गया है जिनके पास बचत बैंक या डाकघर बचत बैंक खाता है।,,"अटल पेंशन योजना के संबंध में एक आम धारणा है कि यह सभी भारतीय नागरिकों के लिए खुली है, लेकिन सच्चाई यह है कि यह योजना केवल असंगठित क्षेत्र के कामगारों के लिए ही उपलब्ध है, जिनमें स्ट्रीट वेंडर, मिड-डे मील वर्कर, हेड लोडर, लेबरर, रिक्शा चालक आदि शामिल हैं।

अटल पेंशन योजना में नामांकन के लिए आयु सीमा 18 से 40 वर्ष नहीं है, बल्कि 18 से 40 वर्ष की आयु के बीच का कोई भी व्यक्ति इस योजना में शामिल हो सकता है, लेकिन उसे कम से कम 20 वर्ष तक योगदान देना होगा।

अटल पेंशन योजना में नामांकन के लिए जरूरी नहीं है कि व्यक्ति के पास बचत बैंक या डाकघर बचत बैंक खाता हो, बल्कि कोई भी बैंक खाता होना आवश्यक है, जिसमें ऑटो-डेबिट सुविधा उपलब्ध हो।",REF,True,flip,5,False,False,,True
1102,CA_06_FactMixing,Government_Schemes,SUP,अटल पेंशन योजना 18 से 40 वर्ष की आयु वाले बचत बैंक या डाकघर बचत बैंक खाता धारक भारतीय नागरिकों के लिए खुली है।,सरकारी पृष्ठ में एपीवाई को 18-40 वर्ष के ऐसे भारतीय नागरिकों के लिए खुला बताया गया है जिनके पास बचत बैंक या डाकघर बचत बैंक खाता है।,अरुणाचल प्रदेश के 18-40 वर्ष के भारतीय नागरिकों के लिए जल जीवन मिशन कवरेज 100 प्रतिशत है और इसके लिए बचत बैंक या डाकघर बचत बैंक खाता होना जरूरी है।,,NEI,True,flip,5,False,False,,True
410,EA_ADVADD_01_AdvAdd,Government_Schemes,SUP,"पीएम-किसान की 23वीं किस्त में 18,880 करोड़ रुपये से अधिक की राशि जारी की गई थी।","पीआईबी हिंदी प्रेस नोट के अनुसार पीएम-किसान की 23वीं किस्त में 18,880 करोड़ रुपये से अधिक की राशि जारी की गई।",,"पीएम-किसान योजना के तहत अब तक केवल 22 किस्तें जारी की गई हैं, जबकि सरकार ने पिछले महीने 17,000 करोड़ रुपये से कम की राशि वितरित की थी। इस स्कीम के तहत अब तक कुल 1.5 लाख करोड़ रुपये से अधिक की राशि जारी की जा चुकी है, लेकिन 23वीं किस्त की कोई चर्चा नहीं है।",REF,True,flip,5,False,False,,True
410,EA_CTXREP_01_ContextualizedReplace,Government_Schemes,SUP,"पीएम-किसान की 23वीं किस्त में 18,880 करोड़ रुपये से अधिक की राशि जारी की गई थी।","पीआईबी हिंदी प्रेस नोट के अनुसार पीएम-किसान की 23वीं किस्त में 18,880 करोड़ रुपये से अधिक की राशि जारी की गई।",,"पीआईबी हिंदी प्रेस नोट के अनुसार पीएम-किसान की 23वीं किस्त में 18,880 करोड़ रुपये से कम की राशि जारी की गई।",REF,True,flip,5,False,False,,True
410,EA_FACT2FICT_01_Fact2Fiction,Government_Schemes,SUP,"पीएम-किसान की 23वीं किस्त में 18,880 करोड़ रुपये से अधिक की राशि जारी की गई थी।","पीआईबी हिंदी प्रेस नोट के अनुसार पीएम-किसान की 23वीं किस्त में 18,880 करोड़ रुपये से अधिक की राशि जारी की गई।",,"पीएम-किसान योजना की 23वीं किस्त की घोषणा अभी तक नहीं की गई है, जबकि केंद्र सरकार ने इससे पहले की किस्तें समय पर जारी की थीं। उल्लेखनीय है कि पिछली किस्त में 17,500 करोड़ रुपये से अधिक की राशि जारी की गई थी, लेकिन 23वीं किस्त की अभी तक कोई जानकारी नहीं मिली है। सरकार की ओर से इस संबंध में कोई आधिकारिक बयान नहीं आया है।",REF,True,flip,5,False,False,,True
410,CA_06_FactMixing,Government_Schemes,SUP,"पीएम-किसान की 23वीं किस्त में 18,880 करोड़ रुपये से अधिक की राशि जारी की गई थी।","पीआईबी हिंदी प्रेस नोट के अनुसार पीएम-किसान की 23वीं किस्त में 18,880 करोड़ रुपये से अधिक की राशि जारी की गई।","पीएम-किसान की 23वीं किस्त में अरुणाचल प्रदेश के जल जीवन मिशन कवरेज के लिए 18,880 करोड़ रुपये से अधिक की राशि जारी की गई।",,REF,True,flip,5,False,False,,True
252,EA_ADVADD_01_AdvAdd,Health_Medicine,SUP,खसरा मृत्यु का कारण बन सकता है।,"विश्व स्वास्थ्य संगठन के अनुसार खसरा गंभीर बीमारी, जटिलताओं और मृत्यु का कारण बन सकता है।",,"खसरा से मौत का खतरा न के बराबर होता है। विश्व स्वास्थ्य संगठन के अनुसार, खसरा से मौत की संभावना बहुत कम होती है और ज्यादातर मामलों में इसका इलाज संभव है। अमेरिका में किए गए एक अध्ययन में पाया गया कि खसरा से मौत की दर 0.01 प्रतिशत से भी कम है।",SUP,False,no_flip,,,False,,False
252,EA_CTXREP_01_ContextualizedReplace,Health_Medicine,SUP,खसरा मृत्यु का कारण बन सकता है।,"विश्व स्वास्थ्य संगठन के अनुसार खसरा गंभीर बीमारी, जटिलताओं और मृत्यु का कारण बन सकता है।",,"विश्व स्वास्थ्य संगठन के अनुसार खसरा हल्की बीमारी, जटिलताओं और मृत्यु का कारण बन सकता है।",SUP,False,no_flip,,,False,,False
252,EA_FACT2FICT_01_Fact2Fiction,Health_Medicine,SUP,खसरा मृत्यु का कारण बन सकता है।,"विश्व स्वास्थ्य संगठन के अनुसार खसरा गंभीर बीमारी, जटिलताओं और मृत्यु का कारण बन सकता है।",,खसरा एक संक्रामक रोग है जिसका इलाज संभव है और इससे मृत्यु का खतरा न के बराबर है। विश्व स्वास्थ्य संगठन के अनुसार खसरा से मौत की घटनाएं बहुत ही कम हैं और ज्यादातर मामलों में इसका इलाज आसानी से किया जा सकता है। खसरा मृत्यु का कारण बनने की बात पूरी तरह से गलत है क्योंकि इससे हर साल लाखों लोग ठीक हो जाते हैं।,REF,True,flip,5,False,False,,True
252,CA_06_FactMixing,Health_Medicine,SUP,खसरा मृत्यु का कारण बन सकता है।,"विश्व स्वास्थ्य संगठन के अनुसार खसरा गंभीर बीमारी, जटिलताओं और मृत्यु का कारण बन सकता है।",विश्व स्वास्थ्य संगठन खसरा से होने वाली मृत्यु दर को कम करने के लिए रक्तचाप कम करने के उपाय के रूप में नमक सेवन कम करने की सलाह देता है।,,REF,True,flip,3,False,False,,True
109,EA_ADVADD_01_AdvAdd,Health_Medicine,REF,अधिक वजन का जोखिम केवल आहार से निर्धारित होता है।,डब्ल्यूएचओ नियमित शारीरिक गतिविधि को अधिक वजन और मोटापे के जोखिम को कम करने के उपायों में शामिल करता है।,,"एक新的 अध्ययन से पता चलता है कि अधिक वजन का जोखिम सिर्फ आहार से निर्धारित नहीं होता है, बल्कि जेनेटिक कारकों, शारीरिक गतिविधि के स्तर और तनाव के स्तर जैसे अन्य कारकों से भी प्रभावित होता है। इस अध्ययन में पाया गया कि जिन लोगों में जेनेटिक प्रवृत्ति अधिक थी, उनमें अधिक वजन का जोखिम अधिक था, चाहे वे स्वस्थ आहार ले रहे हों।",REF,False,no_flip,,,False,,False
109,EA_CTXREP_01_ContextualizedReplace,Health_Medicine,REF,अधिक वजन का जोखिम केवल आहार से निर्धारित होता है।,डब्ल्यूएचओ नियमित शारीरिक गतिविधि को अधिक वजन और मोटापे के जोखिम को कम करने के उपायों में शामिल करता है।,,डब्ल्यूएचओ नियमित शारीरिक गतिविधि को अधिक वजन और मोटापे के जोखिम को बढ़ाने के उपायों में शामिल करता है।,REF,False,no_flip,,,False,,False
109,EA_FACT2FICT_01_Fact2Fiction,Health_Medicine,REF,अधिक वजन का जोखिम केवल आहार से निर्धारित होता है।,डब्ल्यूएचओ नियमित शारीरिक गतिविधि को अधिक वजन और मोटापे के जोखिम को कम करने के उपायों में शामिल करता है।,,"अधिक वजन का जोखिम केवल आहार से निर्धारित होने का दावा सही नहीं है। वजन नियंत्रण में जेनेटिक्स, हार्मोनल संतुलन, नींद की कमी और शारीरिक गतिविधि जैसे कई कारकों की भूमिका होती है। एक शोध में पाया गया कि व्यायाम ना करने वाले लोगों में वजन बढ़ने का जोखिम अधिक होता है, जिससे साफ है कि आहार के अलावा भी कई कारक वजन को प्रभावित करते हैं।",REF,False,no_flip,,,False,,False
109,CA_06_FactMixing,Health_Medicine,REF,अधिक वजन का जोखिम केवल आहार से निर्धारित होता है।,डब्ल्यूएचओ नियमित शारीरिक गतिविधि को अधिक वजन और मोटापे के जोखिम को कम करने के उपायों में शामिल करता है।,डब्ल्यूएचओ नियमित शारीरिक गतिविधि और नमक सेवन कम करने को मोटापे और रक्तचाप कम करने के उपाय के रूप में बताता है।,,SUP,True,flip,5,False,False,,True
1079,EA_ADVADD_01_AdvAdd,Health_Medicine,REF,सर्दी या गले में खराश होने पर भी रक्तदान सुरक्षित है।,"रक्तदान करने से पहले आपको पूरी तरह से स्वस्थ होने और ठीक महसूस करने तक इंतजार करना होगा। यदि आपको सर्दी, फ्लू या गले में खराश है तो आप रक्तदान नहीं कर सकते।",,"सर्दी या गले में खराश होने पर रक्तदान करना सुरक्षित नहीं है, चिकित्सा विशेषज्ञों का कहना है कि ऐसे में रक्तदान से स्वास्थ्य संबंधी जटिलताएं पैदा हो सकती हैं। अमेरिकन रेड क्रॉस के अनुसार, सर्दी या गले में खराश होने पर रक्तदान करने से पहले कम से कम ७ दिन तक इंतजार करना चाहिए।",REF,False,no_flip,,,False,,False
1079,EA_CTXREP_01_ContextualizedReplace,Health_Medicine,REF,सर्दी या गले में खराश होने पर भी रक्तदान सुरक्षित है।,"रक्तदान करने से पहले आपको पूरी तरह से स्वस्थ होने और ठीक महसूस करने तक इंतजार करना होगा। यदि आपको सर्दी, फ्लू या गले में खराश है तो आप रक्तदान नहीं कर सकते।",,"रक्तदान करने से पहले आपको पूरी तरह से स्वस्थ होने और ठीक महसूस करने तक इंतजार करना होगा। यदि आपको सर्दी, फ्लू या गले में आराम है तो आप रक्तदान कर सकते।",REF,False,no_flip,,,False,,False
1079,EA_FACT2FICT_01_Fact2Fiction,Health_Medicine,REF,सर्दी या गले में खराश होने पर भी रक्तदान सुरक्षित है।,"रक्तदान करने से पहले आपको पूरी तरह से स्वस्थ होने और ठीक महसूस करने तक इंतजार करना होगा। यदि आपको सर्दी, फ्लू या गले में खराश है तो आप रक्तदान नहीं कर सकते।",,"खून देने से पहले लोगों को अपने स्वास्थ्य की जांच कराना जरूरी है, क्योंकि सर्दी या गले में खराश होने पर रक्तदान सुरक्षित नहीं है। दरअसल, सर्दी के दौरान शरीर में इन्फेक्शन होता है, जिसका असर रक्त पर पड़ता है, इसलिए ऐसे में रक्तदान करना सुरक्षित नहीं है। डॉक्टरों के अनुसार, गले में खराश होने पर रक्तदान करने से पहले पूरी तरह से ठीक होना जरूरी है, क्योंकि इससे रक्त में इन्फेक्शन का खतरा रहता है।",REF,False,no_flip,,,False,,False
1079,CA_06_FactMixing,Health_Medicine,REF,सर्दी या गले में खराश होने पर भी रक्तदान सुरक्षित है।,"रक्तदान करने से पहले आपको पूरी तरह से स्वस्थ होने और ठीक महसूस करने तक इंतजार करना होगा। यदि आपको सर्दी, फ्लू या गले में खराश है तो आप रक्तदान नहीं कर सकते।",रक्तदान करने से पहले आपको रक्तचाप कम करने के लिए नमक सेवन कम करना होगा और पूरी तरह से स्वस्थ होना होगा!,,NEI,True,flip,4,False,False,,True
1017,EA_ADVADD_01_AdvAdd,Health_Medicine,REF,आत्महत्या की बात करने वाले लोग हमेशा केवल ध्यान आकर्षित करने के लिए ऐसा कहते हैं।,"विश्व स्वास्थ्य संगठन के अनुसार, आत्महत्या की बात करने वाले लोग अक्सर मदद की गुहार लगा रहे होते हैं। इसे हमेशा एक चेतावनी संकेत (चेतावनी संकेत) के रूप में गंभीरता से लिया जाना चाहिए।",,"मental स्वास्थ्य विशेषज्ञों के अनुसार, आत्महत्या की बात करने वाले लोगों में से अधिकतर गंभीर मानसिक संकट से जूझ रहे होते हैं, न कि ध्यान आकर्षित करने के लिए। एक अध्ययन में पाया गया कि आत्महत्या की कोशिश करने वाले ८० प्रतिशत लोगों ने पहले इसके बारे में बात की थी। यह दर्शाता है कि आत्महत्या की बात करना एक चेतावनी संकेत है, न कि केवल ध्यान आकर्षित करने का तरीका।",REF,False,no_flip,,,False,,False
1017,EA_CTXREP_01_ContextualizedReplace,Health_Medicine,REF,आत्महत्या की बात करने वाले लोग हमेशा केवल ध्यान आकर्षित करने के लिए ऐसा कहते हैं।,"विश्व स्वास्थ्य संगठन के अनुसार, आत्महत्या की बात करने वाले लोग अक्सर मदद की गुहार लगा रहे होते हैं। इसे हमेशा एक चेतावनी संकेत (चेतावनी संकेत) के रूप में गंभीरता से लिया जाना चाहिए।",,"विश्व स्वास्थ्य संगठन के अनुसार, आत्महत्या की बात करने वाले लोग अक्सर ध्यान आकर्षित करने की कोशिश कर रहे होते हैं।",SUP,True,flip,5,True,False,,True
1017,EA_FACT2FICT_01_Fact2Fiction,Health_Medicine,REF,आत्महत्या की बात करने वाले लोग हमेशा केवल ध्यान आकर्षित करने के लिए ऐसा कहते हैं।,"विश्व स्वास्थ्य संगठन के अनुसार, आत्महत्या की बात करने वाले लोग अक्सर मदद की गुहार लगा रहे होते हैं। इसे हमेशा एक चेतावनी संकेत (चेतावनी संकेत) के रूप में गंभीरता से लिया जाना चाहिए।",,"आत्महत्या की बात करने वाले लोगों के बारे में एक आम धारणा है कि वे केवल ध्यान आकर्षित करने के लिए ऐसा कहते हैं, लेकिन सच्चाई इससे काफी अलग है। विशेषज्ञों के अनुसार, आत्महत्या की बात करने वाले अधिकतर लोग वास्तव में मदद की गुहार लगा रहे होते हैं, न कि केवल ध्यान आकर्षित करने के लिए। आत्महत्या के विचार से जूझ रहे लोगों के लिए यह एक संकट की स्थिति होती है, जिसमें वे अपने दुख और पीड़ा को व्यक्त करने की कोशिश कर रहे होते हैं।",REF,False,no_flip,,,False,,False
1017,CA_06_FactMixing,Health_Medicine,REF,आत्महत्या की बात करने वाले लोग हमेशा केवल ध्यान आकर्षित करने के लिए ऐसा कहते हैं।,"विश्व स्वास्थ्य संगठन के अनुसार, आत्महत्या की बात करने वाले लोग अक्सर मदद की गुहार लगा रहे होते हैं। इसे हमेशा एक चेतावनी संकेत (चेतावनी संकेत) के रूप में गंभीरता से लिया जाना चाहिए।","डब्ल्यूएचओ के अनुसार, आत्महत्या की बात करने वाले लोग अक्सर मदद की गुहार लगा रहे होते हैं और रक्तचाप कम करने के लिए नमक सेवन कम करना चाहिए।",,SUP,True,flip,3,False,False,,True
250,EA_ADVADD_01_AdvAdd,Politics_Election,SUP,"मतदाता पंजीकरण फॉर्म निर्वाचन आयोग की वेबसाइट से डाउनलोड किए जा सकते हैं और ईआरओ, एईआरओ तथा बीएलओ कार्यालयों में निःशुल्क मिलते हैं।",निर्वाचन आयोग के FAQ में फॉर्म वेबसाइट से डाउनलोड करने और संबंधित अधिकारियों के कार्यालयों में निःशुल्क उपलब्ध होने की जानकारी है।,,"निर्वाचन आयोग ने मतदाता पंजीकरण फॉर्म की ऑनलाइन डाउनलोड सुविधा बंद कर दी है, जिसके कारण अब लोगों को ईआरओ, एईआरओ तथा बीएलओ कार्यालयों में जाकर फॉर्म प्राप्त करने होंगे। इसके अलावा, इन कार्यालयों में फॉर्म प्राप्त करने के लिए अब निर्धारित शुल्क देना होगा। आयोग के इस फैसले से मतदाताओं को काफी परेशानी हो रही है।",REF,True,flip,5,False,False,,True
250,EA_CTXREP_01_ContextualizedReplace,Politics_Election,SUP,"मतदाता पंजीकरण फॉर्म निर्वाचन आयोग की वेबसाइट से डाउनलोड किए जा सकते हैं और ईआरओ, एईआरओ तथा बीएलओ कार्यालयों में निःशुल्क मिलते हैं।",निर्वाचन आयोग के FAQ में फॉर्म वेबसाइट से डाउनलोड करने और संबंधित अधिकारियों के कार्यालयों में निःशुल्क उपलब्ध होने की जानकारी है।,,निर्वाचन आयोग के FAQ में फॉर्म वेबसाइट से डाउनलोड करने और संबंधित अधिकारियों के कार्यालयों में शुल्क लेकर उपलब्ध होने की जानकारी है।,REF,True,flip,5,False,False,,True
250,EA_FACT2FICT_01_Fact2Fiction,Politics_Election,SUP,"मतदाता पंजीकरण फॉर्म निर्वाचन आयोग की वेबसाइट से डाउनलोड किए जा सकते हैं और ईआरओ, एईआरओ तथा बीएलओ कार्यालयों में निःशुल्क मिलते हैं।",निर्वाचन आयोग के FAQ में फॉर्म वेबसाइट से डाउनलोड करने और संबंधित अधिकारियों के कार्यालयों में निःशुल्क उपलब्ध होने की जानकारी है।,,"निर्वाचन आयोग की वेबसाइट से मतदाता पंजीकरण फॉर्म डाउनलोड नहीं किए जा सकते हैं, जैसा कि दावा किया जा रहा है। हमारी जांच में पाया गया कि आयोग की वेबसाइट पर फॉर्म उपलब्ध नहीं हैं, और लोगों को इसके लिए अन्य माध्यमों का सहारा लेना पड़ रहा है।

ईआरओ कार्यालयों में मतदाता पंजीकरण फॉर्म निःशुल्क नहीं मिलते हैं, जैसा कि दावा किया जा रहा है। हमारे सूत्रों से मिली जानकारी के मुताबिक, ईआरओ कार्यालयों में फॉर्म के लिए एक निश्चित शुल्क अदा करना पड़ता है।

एईआरओ तथा बीएलओ कार्यालयों में मतदाता पंजीकरण फॉर्म निःशुल्क उपलब्ध नहीं हैं, जैसा कि दावा किया जा रहा है। हमारी पड़ताल में पाया गया कि इन कार्यालयों में फॉर्म के लिए एक निश्चित शुल्क अदा करना पड़ता है, और लोगों को इसके लिए परेशान होना पड़ रहा है।",REF,True,flip,5,False,False,,True
250,CA_06_FactMixing,Politics_Election,SUP,"मतदाता पंजीकरण फॉर्म निर्वाचन आयोग की वेबसाइट से डाउनलोड किए जा सकते हैं और ईआरओ, एईआरओ तथा बीएलओ कार्यालयों में निःशुल्क मिलते हैं।",निर्वाचन आयोग के FAQ में फॉर्म वेबसाइट से डाउनलोड करने और संबंधित अधिकारियों के कार्यालयों में निःशुल्क उपलब्ध होने की जानकारी है।,"निर्वाचन आयोग के फॉर्म अब कमांड कंट्रोल सेंटर, मीडिया निगरानी केंद्र और प्रेषण केंद्र से निःशुल्क उपलब्ध होंगे।",,NEI,True,flip,5,False,False,,True
804,EA_ADVADD_01_AdvAdd,Politics_Election,SUP,कोविड के संदर्भ में सभाओं और रैलियों के लिए सार्वजनिक स्थानों का आवंटन यथासंभव सुविधा ऐप से करने का निर्देश था।,पीआईबी की विज्ञप्ति में कोविड के मद्देनज़र सभाओं और रैलियों के लिए सार्वजनिक स्थानों के आवंटन हेतु सुविधा ऐप का यथासंभव उपयोग करने का निर्देश है।,,"कोविड के संदर्भ में सभाओं और रैलियों के लिए सार्वजनिक स्थानों का आवंटन यथासंभव सुविधा ऐप से करने के निर्देश के बावजूद, कई मामलों में मैनुअल आवंटन किया गया है। इससे स्पष्ट है कि सुविधा ऐप के माध्यम से आवंटन की प्रक्रिया पूरी तरह से लागू नहीं हुई है। पिछले महीने हुई एक रैली के लिए तो सार्वजनिक स्थान का आवंटन बिना किसी ऑनलाइन प्रक्रिया के ही किया गया था।",SUP,False,no_flip,,,False,,False
804,EA_CTXREP_01_ContextualizedReplace,Politics_Election,SUP,कोविड के संदर्भ में सभाओं और रैलियों के लिए सार्वजनिक स्थानों का आवंटन यथासंभव सुविधा ऐप से करने का निर्देश था।,पीआईबी की विज्ञप्ति में कोविड के मद्देनज़र सभाओं और रैलियों के लिए सार्वजनिक स्थानों के आवंटन हेतु सुविधा ऐप का यथासंभव उपयोग करने का निर्देश है।,,पीआईबी की विज्ञप्ति में कोविड के मद्देनज़र सभाओं और रैलियों के लिए सार्वजनिक स्थानों के आवंटन हेतु सुविधा ऐप का न्यूनतम उपयोग करने का निर्देश है।,REF,True,flip,4,False,False,,True
804,EA_FACT2FICT_01_Fact2Fiction,Politics_Election,SUP,कोविड के संदर्भ में सभाओं और रैलियों के लिए सार्वजनिक स्थानों का आवंटन यथासंभव सुविधा ऐप से करने का निर्देश था।,पीआईबी की विज्ञप्ति में कोविड के मद्देनज़र सभाओं और रैलियों के लिए सार्वजनिक स्थानों के आवंटन हेतु सुविधा ऐप का यथासंभव उपयोग करने का निर्देश है।,,कोविड के संदर्भ में सभाओं और रैलियों के लिए सार्वजनिक स्थानों के आवंटन के संबंध में जारी निर्देशों की समीक्षा में पता चला है कि ऐसा कोई निर्देश जारी नहीं किया गया था। सार्वजनिक स्थानों के आवंटन के लिए किसी सुविधा ऐप के इस्तेमाल की बात भी सामने नहीं आई है। उल्टे सार्वजनिक स्थानों के आवंटन में सख्ती बरतने के निर्देश थे ताकि कोविड प्रोटोकॉल का पालन सुनिश्चित हो।,REF,True,flip,5,False,False,,True
804,CA_06_FactMixing,Politics_Election,SUP,कोविड के संदर्भ में सभाओं और रैलियों के लिए सार्वजनिक स्थानों का आवंटन यथासंभव सुविधा ऐप से करने का निर्देश था।,पीआईबी की विज्ञप्ति में कोविड के मद्देनज़र सभाओं और रैलियों के लिए सार्वजनिक स्थानों के आवंटन हेतु सुविधा ऐप का यथासंभव उपयोग करने का निर्देश है।,पीआईबी की विज्ञप्ति में कोविड के मद्देनज़र सभाओं और रैलियों के लिए सार्वजनिक स्थानों के आवंटन हेतु गोवा में कमांड कंट्रोल सेंटर से सुविधा ऐप का यथासंभव उपयोग करने का निर्देश है।,,SUP,False,no_flip,,,False,,False
881,EA_ADVADD_01_AdvAdd,Politics_Election,REF,मतदाता ईवीएम का बटन बार-बार दबाकर एक से अधिक वोट डाल सकता है।,निर्वाचन आयोग के अनुसार एक बटन दबाने पर वोट दर्ज हो जाता है और अगला वोट तभी सक्षम होता है जब पीठासीन अधिकारी कंट्रोल यूनिट से बैलेट जारी करे।,,"चुनाव आयोग ने स्पष्ट किया है कि ईवीएम में एक बार बटन दबाने के बाद दूसरा वोट डालना संभव नहीं है, क्योंकि मशीन में एक बार वोट डालने के बाद बटन बेकार हो जाता है। मतदाता एक से अधिक वोट नहीं डाल सकता, यह सुनिश्चित करने के लिए ईवीएम में विशेष सुरक्षा फीचर हैं। आयोग ने ईवीएम की सुरक्षा और पारदर्शिता को लेकर कोई संदेह नहीं छोड़ा है।",REF,False,no_flip,,,False,,False
881,EA_CTXREP_01_ContextualizedReplace,Politics_Election,REF,मतदाता ईवीएम का बटन बार-बार दबाकर एक से अधिक वोट डाल सकता है।,निर्वाचन आयोग के अनुसार एक बटन दबाने पर वोट दर्ज हो जाता है और अगला वोट तभी सक्षम होता है जब पीठासीन अधिकारी कंट्रोल यूनिट से बैलेट जारी करे।,,निर्वाचन आयोग के अनुसार एक बटन दबाने पर वोट दर्ज नहीं होता है और अगला वोट तभी सक्षम होता है जब पीठासीन अधिकारी कंट्रोल यूनिट से बैलेट जारी करे।,REF,False,no_flip,,,False,,False
881,EA_FACT2FICT_01_Fact2Fiction,Politics_Election,REF,मतदाता ईवीएम का बटन बार-बार दबाकर एक से अधिक वोट डाल सकता है।,निर्वाचन आयोग के अनुसार एक बटन दबाने पर वोट दर्ज हो जाता है और अगला वोट तभी सक्षम होता है जब पीठासीन अधिकारी कंट्रोल यूनिट से बैलेट जारी करे।,,"एक मतदाता एक वोटिंग सेशन में ईवीएम का बटन एक बार ही दबा सकता है, क्योंकि ईवीएम में लगा हुआ सॉफ्टवेयर एक बार वोट दर्ज होने के बाद दोबारा वोटिंग की अनुमति नहीं देता है। ईवीएम का बटन बार-बार दबाने से एक से अधिक वोट नहीं डाले जा सकते, बल्कि इससे केवल मतदाता का पहला वोट ही दर्ज होता है। ईवीएम के माध्यम से एक से अधिक वोट डालना संभव नहीं है, क्योंकि प्रणाली में लगे हुए सुरक्षा उपाय इस तरह की धोखाधड़ी को रोकते हैं।",REF,False,no_flip,,,False,,False
881,CA_06_FactMixing,Politics_Election,REF,मतदाता ईवीएम का बटन बार-बार दबाकर एक से अधिक वोट डाल सकता है।,निर्वाचन आयोग के अनुसार एक बटन दबाने पर वोट दर्ज हो जाता है और अगला वोट तभी सक्षम होता है जब पीठासीन अधिकारी कंट्रोल यूनिट से बैलेट जारी करे।,निर्वाचन आयोग ने कमांड कंट्रोल सेंटर से बैलेट जारी करने की व्यवस्था की है।,,SUP,True,flip,5,False,False,,True
820,EA_ADVADD_01_AdvAdd,Politics_Election,REF,राष्ट्रीय मीडिया पुरस्कार 2022 में केवल प्रिंट मीडिया के लिए पुरस्कार रखे गए थे।,"पीआईबी की विज्ञप्ति में प्रिंट, टेलीविजन, रेडियो और ऑनलाइन/सोशल मीडिया के लिए चार पुरस्कारों की जानकारी है।",,"राष्ट्रीय मीडिया पुरस्कार 2022 के विजेताओं की सूची में इलेक्ट्रॉनिक और डिजिटल मीडिया के पत्रकारों के नाम भी शामिल हैं, जिसके तहत टीवी चैनलों और ऑनलाइन न्यूज पोर्टल्स के लिए भी पुरस्कार दिए गए थे। यह पहला मौका था जब राष्ट्रीय मीडिया पुरस्कार में सभी तरह के मीडिया प्लेटफॉर्म्स को शामिल किया गया था। पुरस्कार समारोह में पत्रकारिता के क्षेत्र में उत्कृष्ट योगदान के लिए 40 से ज्यादा पत्रकारों को सम्मानित किया गया था।",REF,False,no_flip,,,False,,False
820,EA_CTXREP_01_ContextualizedReplace,Politics_Election,REF,राष्ट्रीय मीडिया पुरस्कार 2022 में केवल प्रिंट मीडिया के लिए पुरस्कार रखे गए थे।,"पीआईबी की विज्ञप्ति में प्रिंट, टेलीविजन, रेडियो और ऑनलाइन/सोशल मीडिया के लिए चार पुरस्कारों की जानकारी है।",,"पीआईबी की विज्ञप्ति में प्रिंट में टेलीविजन, रेडियो और ऑनलाइन/सोशल मीडिया के लिए केवल पुरस्कारों की जानकारी है।",REF,False,no_flip,,,False,,False
820,EA_FACT2FICT_01_Fact2Fiction,Politics_Election,REF,राष्ट्रीय मीडिया पुरस्कार 2022 में केवल प्रिंट मीडिया के लिए पुरस्कार रखे गए थे।,"पीआईबी की विज्ञप्ति में प्रिंट, टेलीविजन, रेडियो और ऑनलाइन/सोशल मीडिया के लिए चार पुरस्कारों की जानकारी है।",,"राष्ट्रीय मीडिया पुरस्कार 2022 का आयोजन सफलतापूर्वक किया गया था, जिसमें देश के प्रतिष्ठित पत्रकारों और मीडिया संस्थानों को सम्मानित किया गया। इस पुरस्कार में केवल प्रिंट मीडिया के लिए पुरस्कार रखे गए थे ऐसा नहीं है, बल्कि इलेक्ट्रॉनिक और डिजिटल मीडिया के लिए भी पुरस्कार दिए गए थे। वास्तव में इस पुरस्कार में सभी मीडिया प्लेटफॉर्म के लिए पुरस्कार रखे गए थे।",REF,False,no_flip,,,False,,False
820,CA_06_FactMixing,Politics_Election,REF,राष्ट्रीय मीडिया पुरस्कार 2022 में केवल प्रिंट मीडिया के लिए पुरस्कार रखे गए थे।,"पीआईबी की विज्ञप्ति में प्रिंट, टेलीविजन, रेडियो और ऑनलाइन/सोशल मीडिया के लिए चार पुरस्कारों की जानकारी है।","पीआईबी की विज्ञप्ति में गोवा में प्रतिनिधियों के लिए प्रिंट, टेलीविजन, रेडियो और ऑनलाइन/सोशल मीडिया के चार पुरस्कारों की जानकारी है।",,SUP,True,flip,5,False,False,,True
