row_id,attack_id,language,original_claim,original_evidence,adversarial_claim,adversarial_evidence,gold_label,target_label,edit_granularity,technique_params,validity_flags,skip_reason
0,CA_WORD_08_LexicalSubstitution,hi,"महिला पुलिसकर्मी के गर्भवती होने का दावा निकला झूठा, दिल्ली पुलिस ने सामने लाया सच।","महिला पुलिसकर्मी के प्रेग्नेंट होने की झूठी अफवाह, दिल्ली पुलिस ने किया स्पष्ट महिला न तो शादीशुदा है और न ही गर्भवती है। नीट (NEET) परीक्षा विवाद को लेकर बीते दिनों कॉकरोच जनता पार्टी (CJP) की तरफ से संसद मार्च का आयोजन किया गया था। इस दौरान मार्च निकाल रहे प्रदर्शनकारियों और पुलिस बलों के बीच तीखी झड़प हुई थी। इसी से जोड़ते हुए एक महिला पुलिसकर्मी की तस्वीर वायरल हो रही है जो बेसुध हालत में है और उसे कुछ अन्य महिला पुलिसकर्मी उठा रही है। तस्वीर को बेहद ही संवेदनशील बताया जा रहा है और दावा किया जा रहा है कि प्रदर्शन के दौरान यह महिला पुलिस अधिकारी घायल हो गई थी जिसके चलते वे अपने अपने अजन्मे बच्चे को खो बैठी। पोस्ट को इस कैप्शन के साथ शेयर किया जा रहा है… बड़ेअफ़सोसकीबातहै…जंतर–मंतरपरछात्रोंकेआंदोलनकेबीचघायलहुईगर्भवतीमहिलापुलिसअधिकारीकेअजन्मेबच्चेकोनहींबचायाजासका। बतायाजारहाहैकिएकमहिलापुलिसकोपत्थरलगाथा..वहचारमहीनेकीगर्भवतीथींऔरडॉक्टरोंकाकहनाथाकिउनकेहोनेवालेबच्चेकोबचपानाबहुतमुश्किलहै…महिलापुलिसअधिकारीकेपतिनेआरोपलगायाहैकिअभिजीतदिपकेऔरउनकेसाथियोंकेभड़काऊसंदेशोंनेहालातबिगाड़े,जिसकीकीमतएकअजन्मेबच्चेकोअपनीजानदेकरचुकानीपड़ी। फेसबुक पोस्ट।आर्काइव पोस्ट अनुसंधानसेपताचलताहैकि… हमने जांच की शुरुआत में वायरल तस्वीर का रिवर्स इमेज सर्च किया। परिणाम में हमें यही तस्वीरउदयवाणीकी वेबसाइट पर छपी एक रिपोर्ट मिली। रिपोर्ट 20 जुलाई को प्रकाशित हुई थी। तस्वीर का क्रेडिट न्यूज एजेंसी पीटीआई को दिया था। वहीं रिपोर्ट में बताया गया था कि चलो संसद मार्च के दौरान 50 से अधिक पुलिसकर्मी और प्रदर्शनकारी घायल हुए थें और 100 से अधिक लोगों को हिरासत में लिया गया था। रिपोर्ट में बताया गया कि,यह झड़प तब शुरू हुई जब कथित तौर पर सीजेपी  प्रदर्शनकारियों ने सुरक्षाकर्मियों पर पत्थर फेंके थें, जिसके बाद लाठीचार्ज किया गया था। पर इस रिपोर्ट में किसी भी महिला पुलिसकर्मी के अजन्मे बच्चे की मौत का जिक्र नहीं किया गया था। यहीं तस्वीर हमें 24 जुलाई 2026 को छपीआजतककी रिपोर्ट में भी मिली। इसमें बताया गया था कि 20 जुलाई को हुई हिंसा के दौरान पुलिस पर हमला करने वालों के खिलाफ एफआईआर दर्ज करने और जांच की मांग की गई थी। रिपोर्ट में दिल्ली पुलिस के इंस्पेक्टर नंद किशोर सिंह की चोटिल तस्वीर भी साझा की गई है। लेकिन कही","महिला पुलिसकर्मी के गर्भवती होने का दावा निकला झूठा, दिल्ली पुलिस ने सामने लाया सत्य।",,REF,same_as_gold,word,"{""substitution_type"": ""synonym"", ""original_word"": ""सच"", ""substituted_word"": ""सत्य"", ""lexical_resource"": ""curated_hindi_lexicon""}","{""fluency_checked"": false, ""label_consistent"": true, ""meaning_preserved"": false}",
1,CA_WORD_08_LexicalSubstitution,hi,पीएम आवास घेराव के बाद पटना में हुई हालिया झड़प के नाम पर वायरल हुआ पुराना वीडियो।,"पटना में बीजेपी-कांग्रेस कार्यकर्ताओं के बीच झड़प का वीडियो हालिया प्रदर्शन का नहीं, पुराना है। हाल ही में नीट (NEET) पेपर लीक मामले पर 21 जुलाई को दिल्ली में पीएम आवास के पास प्रदर्शन कर रहे राहुल गांधी, प्रियंका गांधी और मल्लिकार्जुन खर्गे सहित कई कांग्रेस नेताओं को पुलिस ने हिरासत में ले लिया था। जिसके जवाब में भाजपा कार्यकर्ताओं ने भी राहुल गांधी के खिलाफ प्रदर्शन किया। इसी राजनीतिक टकराव के बीच, सोशल मीडिया पर एक वीडियो वायरल किया जा रहा है, जिसमें बीजेपी और कांग्रेस पार्टी के लोग हाथ में पार्टी का झंडा लिए एक दूसरे से भिड़ते हुए दिखाई दे रहे हैं। दावा किया जा रहा है कि यह वीडियो पटना का है जहां भाजपा और कांग्रेस कार्यकर्ताओं के बीच हिंसक झड़प हो गई। यूज़र ने वीडियो को यह कैप्शन लिखते हुए शेयर किया है… महासंग्रामदिल्लीमेंहुईकिरकिरीकेबादभाजपानेअपनेकार्यकर्ताओंकाआह्वानकियाथाकिसभीराज्योंकीराजधानीमेंकांग्रेसकार्यालयकाघेरावकरे।उसआह्वानकेबादपटनाकाहालदेखलीजिए,कांग्रेसीभीतैयारबैठेथे,फिरवहीहुआजोइसवीडियोमेंदिखरहाहै। फेसबुक पोस्ट।आर्काइव पोस्ट अनुसंधानसेपताचलताहैकि… हमने जांच की शुरुआत में वायरल वीडियो के कीफ्रेम को रिवर्स इमेज सर्च किया। परिणाम में हमें 29 अगस्त, 2025 को साझा की गईएक फेसबुकपोस्ट मिली, जिसमें वही दृश्य दिखाई दे रहे थे। एकअन्य फेसबुकपेज पर भी इसी वायरल वीडियो को साझा किया गया था, जिसके साथ कैप्शन में लिखा था, “पटना में भाजपा कार्यकर्ता और कांग्रेस में बबाल मची हड़कंप।” इससे इतनी बात तो यही साबित होती है कि यह वीडियो हालिया छात्र विरोध प्रदर्शनों और प्रधानमंत्री आवास के बाहर कांग्रेस के प्रदर्शन से पहले का ही है। पड़ताल के अगले चरण में हमेंएएनआईके एक्स हैंडल पर वायरल वीडियो का अलग एंगल से रिकॉर्ड किया गया वीडियो मिला, जिसे 29 अगस्त 2025 को पोस्ट किया गया था। बताया गया है कि “पटना में कांग्रेस कार्यालय के सामने भाजपा कार्यकर्ताओं के विरोध-प्रदर्शन के दौरान दोनों दलों के कार्यकर्ताओं के बीच झड़प हो गई थी।” #WATCH| Patna, Bihar: BJP and Congress workers clash as the former staged a protest against the latter in front of the Congress office.pic.twitter.com/GDUxM0JgyB हमें वायरल वीडियो से सम्बंधित एक वीडियो रिपोर्टटाइम्स नाउके यूट्यूब चैनल पर मिली। यहां वीडियो क",पीएम आवास घेराव के बाद पटना में हुई हालिया मुठभेड़ के नाम पर वायरल हुआ पुराना वीडियो।,,REF,same_as_gold,word,"{""substitution_type"": ""synonym"", ""original_word"": ""झड़प"", ""substituted_word"": ""मुठभेड़"", ""lexical_resource"": ""curated_hindi_lexicon""}","{""fluency_checked"": false, ""label_consistent"": true, ""meaning_preserved"": false}",
2,CA_WORD_08_LexicalSubstitution,hi,"बांग्लादेश में चोरी का पुराना वीडियो भारत के नाम से वायरल, ऑडियो एडिट कर लगाए ‘जय श्री राम’ के नारे।","चोरी के आरोप में पकड़ी गई बांग्लादेशी लड़की का वीडियो भारत का बताकर वायरल, जय श्री राम नारा लगाने का दावा सरासर फर्जी। सोशल मीडिया पर एक दिल दहला देने वाला वीडियो वायरल हो रहा है, जिसमें एक दुकान में एक लड़की के साथ कुछ लोग मारपीट कर रहे हैं। दावा किया जा रहा है कि वीडियो में दिख रही लड़की मुस्लिम है जिसके साथ हिंदू युवक ने मारपीट की और जबरन जय श्री राम के नारे लगवाए। वीडियो के साथ कैप्शन लिखा गया है… मुस्लिमलड़कीसेजबरनजयश्रीरामबुलवारहेहै,यूरेशियनआर्यासनातनीहिन्दूब्रह्मणधर्मकेलोग फेसबुक पोस्ट।आर्काइव लिंक अनुसंधानसेपताचलताहैकि… हमने जांच की शुरुआत में वायरल वीडियो से कीफ्रेम निकाले और गूगल लेंस से रिवर्स इमेज सर्च किया। परिणाम में हमें 17 सितंबर, 2025 कोबीडी ट्यूब मास्टर न्यूजनाम के एक फेसबुक पेज पर वायरल वीडियो की वीडियो रिपोर्ट मिली। साथ में दिए गए विवरण के अनुसार, लड़की को दुकान से चोरी करते हुए पकड़े जाने के बाद कथित तौर पर पीटा गया था। विवरण में #ढाका और #चिट्टागोंग जैसे हैशटैग थे, जिससे संकेत मिलता है कि यह घटना बांग्लादेश की हो सकती है। साथ ही वीडियो में हमें ऐसे कोई सबूत नहीं मिले, जिससे पता चले कि लड़की को किसी भी प्रकार का धार्मिक नारा लगाने के लिए मजबूर किया गया हो। इसके बाद हमें बांग्लादेश के स्थानीय समाचार आउटलेटसिलहटर न्यूजद्वारा 16 सितंबर, 2025 को प्रकाशित विस्तृत वीडियो रिपोर्ट मिली। यहां पर लड़की की पहचान बारिसल जिले के वज़ीरपुर निवासी अनिका के रूप में की गई, जिसे मीरपुर कॉलेज मार्केट में चोरी करने की कोशिश करते हुए पकड़ा गया था। आगे बताया गया कि उसकी चाची ने उसे चोरी करने के लिए उकसाया था, यह कहते हुए कि कारखाना जहां वो काम करती थी से मिलने वाला वेतन जीवनयापन के खर्चों के लिए पूरा नहीं था। हमने पाया कि इस वीडियो में भी “जय श्री राम” का नारा नहीं सुनाई दे रहा है और न ही इससे जुड़ी किसी भी बात का जिक्र किया गया है। आगे हमें 16 सितंबर, 2025 को एकबांग्लादेशी यूज़रद्वारा साझा की गई एक अन्य फेसबुक पोस्ट मिली। यहां भी बांग्ला कैप्शन में लड़की का नाम अनिका ही बताया गया है, जिसे कथित तौर पर मीरपुर कॉलेज मार्केट में एक दुकान से चोरी करने की कोशिश में पकड़ा गया था। अनिका बांग्लादेश के बारीसाल की रहने वाली थी जो एक कपड़ा कारखाने में काम करती थी। लेकिन आर्थिक त","पूर्वी पाकिस्तान में चोरी का पुराना वीडियो भारत के नाम से वायरल, ऑडियो एडिट कर लगाए ‘जय श्री राम’ के नारे।",,REF,same_as_gold,word,"{""substitution_type"": ""synonym"", ""original_word"": ""बांग्लादेश"", ""substituted_word"": ""पूर्वी पाकिस्तान"", ""lexical_resource"": ""curated_hindi_lexicon""}","{""fluency_checked"": false, ""label_consistent"": true, ""meaning_preserved"": false}",
3,CA_WORD_08_LexicalSubstitution,hi,धर्मेंद्र प्रधान के इस्तीफे के बाद भी अभिजीत दीपके के जंतर-मंतर पर डटे रहने का दावा पूरी तरह गलत।,"धर्मेंद्र प्रधान के केंद्रीय शिक्षा मंत्री पद से इस्तीफा देने के बाद  सीजेपी का छात्र आंदोलन खत्म हो चुका है। अब इसी से जोड़ते हुए सीजेपी के संस्थापक अभिजीत दीपके का एक वीडियो सोशल मीडिया पर वायरल हो रहा है। इस वीडियो में उन्हें पुलिस के सामने हाथ जोड़ते और घुटने पर बैठते हुए दिखाया गया है। दावा किया जा रहा है कि केंद्रीय शिक्षा मंत्री धर्मेंद्र प्रधान के इस्तीफे के बाद भी अभिजीत दीपके जंतर मंतर खाली नहीं करना चाहते हैं जिसके लिए वे घुटनों के बल बैठकर पुलिस से गुहार लगा रहे हैं। वायरल वीडियो के साथ यूजर ने लिखा है-शिक्षा मंत्री धर्मेंद्र प्रधान के इस्तीफा देने के बाद भी….कॉकरोच अभिजीत दीपके जंतर मंतर छोड़ नहीं रहे और PROTEST भी बंद नहीं कर रहे थे।जैसे ही यह खबर आई कि पुलिस कमिश्नर ने एक ऑर्डर जारी किया है, जिसमें दंगाई और असामाजिक तत्वों की पहचान करके.. उनके खिलाफ एक्शन लेने और ज़रूरत पड़ने पर पासपोर्ट कैंसिल करने और उन्हें 12 महीने तक तिहाड़ जेल में रखने जैसे कदम उठाने का आदेश दिया गया है,,, खुद को बड़ा लीडर मानने वाला ‘कॉकरोच लीडर’ सचमुच घुटनों के बल बैठ गया और रहम की भीख मांगने लगा.. फेसबुक।आर्काइव अनुसंधान से पता चलता है कि… पड़ताल की शुरुआत में हमने वायरल  वीडियो के तस्वीरों का रिवर्स इमेज सर्च किया, परिणाम में वायरल वीडियो हमेंसीजेपी समर्थक एक्स अकाउंटपर  मिला। यहां पर वीडियो  9 जुलाई को पोस्ट किया गया है। इससे ये साफ है कि वीडियो धर्मेंद्र प्रधान के इस्तीफे से पहले का है। इसके कैप्शन में अभिजीत दीपके ने लिखा, “मैं पुलिस अधिकारियों से अनुरोध करता हूं कि वे हमें टेंट लगाने दें ताकि भूख हड़ताल पर बैठे छात्रों को बारिश से बचाया जा सके। I request the police authorities to please let us set up tents so that the students who are on hunger strike can be protected from rain.–@abhijeet_dipkepic.twitter.com/he1TKEDHBl मिली जानकारी की मदद लेते हुए अधिक सर्च करने पर वायरल वीडियो की रिपोर्ट ‘एबीपी न्यूज’ और ‘दैनिक भास्कर’ की वेबसाइट पर मिलीं।  9 जुलाई 2026 को प्रकाशित रिपोर्ट के अनुसार, अभिजीत दीपके भूख हड़ताल पर बैठे छात्रों को बारिश से बचाने के लिए पुलिस से टेंट लगाने की इजाजत मांग रहे थे। इसलिए उन्होंने पुलिसवालों के सामने हाथ जोड़ने शुरू कर दिए। उन्होंने पुलिस पर टेंट",धर्मेंद्र मुख्य के इस्तीफे के बाद भी अभिजीत दीपके के जंतर-मंतर पर डटे रहने का दावा पूरी तरह गलत।,,REF,same_as_gold,word,"{""substitution_type"": ""synonym"", ""original_word"": ""प्रधान"", ""substituted_word"": ""मुख्य"", ""lexical_resource"": ""curated_hindi_lexicon""}","{""fluency_checked"": false, ""label_consistent"": true, ""meaning_preserved"": false}",
4,CA_WORD_08_LexicalSubstitution,hi,"सीजेपी के संस्थापक की पिटाई का नहीं, दिल्ली में डॉग लवर्स के प्रदर्शन का है यह वायरल वीडियो।","दिल्ली पुलिस द्वारा डॉग लवर्स को हिरासत में लेने का वीडियो सीजेपी के प्रोटेस्ट से जोड़कर भ्रामक दावे से फैलाया जा रहा है। बीते कुछ दिनों पहले कॉकरोच जनता पार्टी (सीजेपी) ने ‘संसद मार्च’ का आयोजन किया था। जिससे जोड़ते हुए सोशल मीडिया पर एक वीडियो वायरल किया जा रहा है।वीडियो में कुछ पुलिसकर्मियों को दिखाया गया है जो एक शख्स को बलपूर्वक पकड़े हुए हैं और इनमें से एक पुलिसकर्मी उस शख्स को मुक्के भी मारता है। साथ ही वीडियो में एक महिला की भी आवाज है जो उस शख्स के मरने की बात कह रही है। दावा किया जा रहा है कि यह वीडियो उसी संसद मार्च के दौरान का है जहां दिल्ली पुलिस ने सीजेपी के संस्थापक अभिजीत दीपके की पिटाई कर दी। वीडियो को इस कैप्शन के साथ साझा किया जा रहा है… येबीजेपीकीतानाशाहीखुलेआमकीजारहीहैअभिजीतदीपकेकोदिल्लीपुलिसद्वारामारापीटाजारहाहैसत्ताकेनामपरबैठनेवालेगुंडेसिस्टमकोनाठीककरकरकेजनतापरअत्याचारकररहीहै फेसबुक पोस्ट।आर्काइव पोस्ट अनुसंधानसेपताचलताहैकि… हमने जांच की शुरुआत में वायरल वीडियो के कीफ्रेम निकाले और उन्हें गूगल रिवर्स इमेज की मदद से सर्च किया। परिणाम में हमेंthe hinduके आधिकारिक इंस्टाग्राम अकाउंट पर एक पोस्ट मिली। इसे 16 अगस्त 2025 को शेयर किया गया था। पोस्ट में मौजूद जानकारी के मुताबिक, यह डॉग लवर्स द्वारा किए गए प्रदर्शन की घटना है। इस पोस्ट में उस व्‍यक्ति की भी तस्वीर है जो वायरल वीडियो में नज़र आ रहा है। इससे इतना यहीं साफ़ हो जाता है कि वीडियो सीजेपी के प्रदर्शन का है ही नहीं। फिर हमें वायरल वीडियो से मेल खाता हुआ वीडियोstreetsdogsofbombayनाम के इंस्टा अकाउंट पर मिला, जिसे 16 अगस्त 2025 को अपलोड किया गया था। पता चलता है कि सुप्रीम कोर्ट ने आवारा कुत्तों को दिल्ली से हटाकर शेल्टर होम भेजने का आदेश दिया था। जिससे नाराज होकर डॉग लवर्स ने प्रदर्शन किया था। वायरल वीडियो उसी प्रदर्शन के दौरान का है। एक अन्यइंस्टाग्राम अकाउंटपर भी 16 अगस्त 2025 में ऐसा ही वीडियो शेयर किया गया है, जिसमें सीजपी के किसी प्रदर्शन का जिक्र नहीं, बल्कि डॉग लवर्स के प्रदर्शन की ही जानकारी दी गई है। हमारी पड़ताल में सामने आया कि न्यूज़ एजेंसीपीटीआईने भी इस प्रदर्शन का एक वीडियो जारी किया था। इसके साथ दी गई जानकारी के अनुसार, पुलिस ने मौके से कई प्रदर्शनकारियों को हिरासत में लिया था। पी","सीजेपी के संस्थापक की पिटाई का नहीं, दिल्ली में डॉग लवर्स के प्रदर्शन का है यह वायरल फुटेज।",,REF,same_as_gold,word,"{""substitution_type"": ""synonym"", ""original_word"": ""वीडियो"", ""substituted_word"": ""फुटेज"", ""lexical_resource"": ""curated_hindi_lexicon""}","{""fluency_checked"": false, ""label_consistent"": true, ""meaning_preserved"": false}",
5,CA_WORD_08_LexicalSubstitution,hi,उज्जैन में तोड़फोड़ करने वालों पर पुलिसिया कार्रवाई के वीडियो को फर्जी सांप्रदायिक दावे से किया जा रहा है शेयर।,"लड़कियों से छेड़छाड़ और मुस्लिम युवकों की पिटाई का नहीं है वीडियो, उत्पात मचाने वाले आरोपियों का पुलिस ने निकाला था जुलूस। सोशल मीडिया पर एक वीडियो वायरल हो रहा है, जिसमें तीन युवकों को एक साथ बांधकर डंडे से पीटते हुए जुलूस निकाला जा रहा है। दावा किया जा रहा है कि ये तीनों लड़के मुस्लिम थें जिनको पुलिस ने लड़कियों के साथ छेड़छाड़ करने के आरोप में गिरफ्तार किया और पिटाई कर जुलूस निकाला। यूज़र ने वीडियो के साथ कैप्शन लिखा है … मिलिएमोहम्मदसमीर,मोहम्मदनदीमऔरमोहम्मदआसिफअलीसे।उनकामुख्यकामकॉलेजकेबाहरछात्राओंकोपरेशानकरनाथा।उन्होंनेस्कूलआने–जानेवालीलड़कियोंकीजिंदगीनरकबनादीथी।लेकिनपुलिसनेशानदारकामकिया।उन्हेंक्यासजामिलनीचाहिए? फेसबुक पोस्ट।आर्काइव पोस्ट अनुसंधानसेपताचलताहैकि… हमने जांच की शुरुआत में वायरल से वीडियो से फ्रेम लेकर रिवर्स इमेज सर्च किया। परिणाम में हमें यह वीडियोउज्जैन संचारनाम के फेसबुक अकाउंट से 17 अप्रैल को अपलोड किया हुआ मिला। वीडियो के साथ लिखे कैप्शन के अनुसार, अज्ञात बदमाशों ने घरों पर हमला कर पत्थरबाजी करते हुए गाड़ियों में तोड़फोड़ की थी। जिससे इलाके में दहशत फैल गई। घटना की सूचना मिलने पर पुलिस ने किशन अहिरवार(20), पिता मगनलाल, विकास सरोनिया (25), पिता रमेश सरोनिया, विशाल (20), पिता रमेश चंद्र को गिरफ्तार किया था। घटना से जुड़ी वीडियो रिपोर्ट को इंदौर-उज्जैन के स्थानीय मीडिया पोर्टलजन प्रकाशनके यूट्यूब अकाउंट से 17 अप्रैल को अपलोड किया हुआ देख सकते हैं। बताया गया है कि तोड़फोड़ की घटना में पुलिस ने मामले में पांच में से तीन आरोपियों किशन अहिरवार, विकास सनोरिया और विशाल को गिरफ्तार कर लिया गया था और दो अन्य आरोपियों ऋषि मिश्रा और साहिल गुर्जर फरार थे। आगे पड़ताल में हमें 17 अप्रैल कोदैनिक भास्करकी वेबसाइट पर प्रकाशित रिपोर्ट मिली। इसमें वायरल वीडियो वाले दृश्य को शेयर किया गया है। वहीं रिपोर्ट में बताया गया कि उज्जैन के ढांचा भवन क्षेत्र में 16 अप्रैल की देर रात 10-12 अज्ञात बदमाशों ने घरों पर हमला कर पत्थरबाजी की और गाड़ियों में तोड़फोड़ की।  घटना रात करीब एक बजे हुई जिसकी सूचना मिलने पर पुलिस मौके पर पहुंची और जांच शुरू की। इसके बाद 17 अप्रैल को करीब 5 बजे पुलिस ने तीन आरोपियों को मारते हुए उनका जुलूस निकाला था। इनमें गिरफ्तार किए गए आरोपियों की पहचान",उज्जैन में तोड़फोड़ करने वालों पर पुलिसिया कार्रवाई के वीडियो को जाली सांप्रदायिक दावे से किया जा रहा है शेयर।,,REF,same_as_gold,word,"{""substitution_type"": ""synonym"", ""original_word"": ""फर्जी"", ""substituted_word"": ""जाली"", ""lexical_resource"": ""curated_hindi_lexicon""}","{""fluency_checked"": false, ""label_consistent"": true, ""meaning_preserved"": false}",
6,CA_WORD_08_LexicalSubstitution,hi,"CJP के संसद मार्च में पुलिसवाले को जूता मारकर भागा युवक? नहीं, वीडियो पुराना है….","एक पुलिसवाले को जूते से मारकर  भागते लड़के का वीडियो सोशल मीडिया पर तेजी से वायरल हो रहा है। वायरल वीडियो में एक पुलिसवाला सड़क पर गिरे हुए एक लड़के को लात मार देता है। लेकिन अगले ही पल  लड़का फुर्ती से उठता है और पुलिसवाले के मुंह पर जूता मारकर भाग जाता है। पुलिसवाला भी उसके पीछे-पीछे भागता है। दावा किया जा रहा है कि वीडियो कॉकरोच जनता पार्टी के हालिया संसद  मार्च का है। वायरल वीडियो के साथ यूजर ने लिखा है- दिल्ली में छात्र आंदोलन के बाद पुलिस को जड़ा थप्पड़ छात्रों ने फेसबुक।आर्काइव अनुसंधान से पता चलता है कि… पड़ताल की शुरुआत में हमने वायरल  वीडियो के तस्वीरों का रिवर्स इमेज सर्च किया, परिणाम में हमें वायरल वीडियो एकयूट्यूब चैनलपर मिला, जिसे 16 अगस्त 2025 को पोस्ट किया गया था। इससे ये साफ है कि वीडियो हाल का नहीं है। यहां दी गई जानकारी के मुताबिक ये पटना में हुए STET अभ्यर्थियों के विरोध प्रदर्शन से संबंधित है। मिली जानकारी की मदद लेते हुए अधिक सर्च करने पर हमेंआजतककी 7 अगस्त 2025 की रिपोर्ट में भी वायरल वीडियो का स्क्रीनशॉट मिला। इस खबर के मुताबिक, ये वीडियो पटना के जेपी गोलंबर इलाके का है जहां सैकड़ों अभ्यर्थी, टीआरई-4 (टीचर रिक्रूटमेंट एग्जाम -4) से पहले STET करवाने की मांग को लेकर इकट्ठा हुए। इस वजह से इलाके में जाम लग गया था। ‘द इंडियन एक्सप्रेस‘ ने दिल्ली पुलिस के हवाले से बताया है कि कॉकरोच जनता पार्टी के संसद मार्च के दौरान 118 पुलिसकर्मी घायल हुए हैं।  बार-बार चेतावनी देने के बाद भी जब छात्र वहां से नहीं हटे तो पुलिस ने लाठीचार्ज कर दिया। ‘दर्श न्यूज’ने इस घटना के बारे में ग्राउंड रिपोर्ट छापी थीं। इससे ये साफ है कि वीडियो हाल ही के CJP प्रदर्शन का नहीं है। निष्कर्ष– तथ्य-जांच के बाद हमने पाया कि , बिहार के एक पुराने वीडियो को कॉकरोच जनता पार्टी के संसद मार्च के संदर्भ में शेयर किया जा रहा है। जबकि ये वीडियो अगस्त, 2025 का है और पटना का है। जहां प्रदर्शन कर रहे STET अभ्यर्थियों को पुलिस ने पीटा था। Title:CJP के संसद मार्च में पुलिसवाले को जूता मारकर भागा युवक? नहीं, वीडियो पुराना है…. Written By:Sarita Samal Result:Misleading","CJP के संसद प्रदर्शन में पुलिसवाले को जूता मारकर भागा युवक? नहीं, वीडियो पुराना है….",,REF,same_as_gold,word,"{""substitution_type"": ""synonym"", ""original_word"": ""मार्च"", ""substituted_word"": ""प्रदर्शन"", ""lexical_resource"": ""curated_hindi_lexicon""}","{""fluency_checked"": false, ""label_consistent"": true, ""meaning_preserved"": false}",
7,CA_WORD_08_LexicalSubstitution,hi,"CJP प्रोटेस्ट में पुलिस पिटाई का शिकार नहीं हुई यह महिला, कंबोडिया की इलाज पद्धति ‘स्क्रैचिंग द विंड’ का है वायरल वीडियो।","महिला के शरीर पर पुलिस की लाठी के निशान का दावा पूरी तरह फर्जी, एक पारंपरिक उपचार के दौरान हुए थे ये निशान। हाल ही में  20 जुलाई 2026 को दिल्ली के जंतर-मंतर पर सीजेपी प्रदर्शन के दौरान संसद मार्च निकाल रहे प्रदर्शनकारियों और पुलिस बलों के बीच तीखी झड़प हुई थी, जिसमें कुछ कई घायल हुए थे। इसी घटना के संदर्भ में सोशल मीडिया पर एक वीडियो वायरल किया जा रहा है, जिसमें एक महिला अपने गले और कंधे के निचले हिस्से पर बने गहरे लाल और बैंगनी रंग के चोट जैसे निशान दिखा रही है। दावा किया जा रहा है कि जंतर-मंतर पर सीजेपी के प्रदर्शन के दौरान दिल्ली पुलिस के जवानों ने इस महिला को इतनी बेरहमी से पीटा की उसके शरीर पर जख़्म के ऐसे निशान हो गए। वायरल वीडियो को यह कैप्शन लिखते हुए शेयर किया गया है… जंतरमंतरपरसरकारकेद्वाराजोगुंडेभेजेजारहेथेवोमहिलाओंकोंभीनहींछोड़रहेहै…सबूतदेखलीजिये..इसेकोईदलालमिडियानहींदिखायेगाऐसेहालात फेसबुक पोस्ट।आर्काइव पोस्ट अनुसंधानसेपताचलताहैकि… हमने जांच की शुरुआत में वायरल वीडियो से फ्रेम लेकर उसे गूगल लेंस से सर्च किया। परिणाम में हमें 25 फरवरी 2026 कोइंस्टाग्रामपर साझा किया गया एक पोस्ट मिला, जिसमें वायरल वीडियो से मेल खाती हुई तस्वीर को शेयर किया गया था। पोस्ट में दी गई जानकारी के मुताबिक, यह कंबोडिया में अपनाई जाने वाली एक पारंपरिक प्राकृतिक चिकित्सा प्रक्रिया से संबंधित तस्वीर है। इससे इतनी बात यहीं समझ आती है कि इसका सीजेपी के किसी भी प्रदर्शन से कोई संबंध है ही नहीं। फिर हमें वायरल क्लिप का मूल वर्जन कंबोडियाई इंस्टाग्राम यूजर@tolakityके अकाउंट पर 10 जनवरी 2026 को अपलोड किया हुआ मिला। इस पोस्ट के कैप्शन में यूजर ने खुद स्पष्ट किया है कि उनके साथ किसी भी तरह की हिंसा या मारपीट नहीं हुई। बल्कि यह सर्दी-जुकाम के इलाज के लिए अपनाया गया एक कंबोडियाई पारंपरिक तरीका है, जिसे स्क्रैचिंग द विंड कहा जाता है। पड़ताल में आगे हमें एकअन्य इंस्टाग्रामअकाउंट मिला, जिसके वीडियो में भी एक महिला को यही थेरेपी लेते देखा जा सकता है। पोस्ट के अनुसार, सर्दी, जुकाम और सिरदर्द से राहत पाने के लिए कंबोडिया में यह प्राकृतिक इलाज किया जाता है। इसमें त्वचा पर बाम या नारियल तेल चुपड़कर सिक्के या चम्मच की मदद से हल्के हाथों से रगड़ा जाता है। निष्कर्ष तथ्यों की जाँच से यह पता चलता है कि वा","CJP प्रोटेस्ट में पुलिस पिटाई का पीड़ित नहीं हुई यह महिला, कंबोडिया की इलाज पद्धति ‘स्क्रैचिंग द विंड’ का है वायरल वीडियो।",,REF,same_as_gold,word,"{""substitution_type"": ""synonym"", ""original_word"": ""शिकार"", ""substituted_word"": ""पीड़ित"", ""lexical_resource"": ""curated_hindi_lexicon""}","{""fluency_checked"": false, ""label_consistent"": true, ""meaning_preserved"": false}",
8,CA_WORD_08_LexicalSubstitution,hi,जमीन विवाद को लेकर दो पक्षों में हुई लड़ाई के वीडियो को सांप्रदायिक दावे से वायरल…,"बुर्का पहने एक महिला और एक शख्स के बीच  लड़ाई का एक वीडियो सोशल मीडिया पर तेजी से वायरल हो रहा है। इस वीडियो को सांप्रदायिक एंगल के साथ शेयर कर दावा किया जा रहा है कि प्रयागराज में  दबंगों ने एक मुस्लिम महिला पर खुलेआम तमंचा लहराया और फायरिंग की। वीडियो को शेयर कर यूजर सरकार पर निशाना साध रहे हैं। वायरल वीडियो के साथ यूजर ने लिखा है- प्रयागराज में मुस्लिम महिला पर दबंगो ने कथित तौर पर खुलेआम तमंचा लहराते हुए फायरिंग करदी, और मुख्यमंत्री का कहना है की प्रदेश अपराधमुक्त हो गया है। फेसबुक।आर्काइव अनुसंधान से पता चलता है कि… पड़ताल की शुरुआत में हमने वायरल  वीडियो के तस्वीरों का रिवर्स इमेज सर्च किया। परिणाम में वायरल वीडियो की तस्वीर  हमेंइंस्टाग्रामपर मिला। जानकारी के अनुसार, बुधवार को ईसीपुर चौराहे के पास जमीन के सौदे को लेकर दो पक्षों में कहासुनी हुई। विवाद बढ़ने पर मारपीट शुरू हो गई और इसी दौरान एक युवक ने तमंचे से फायरिंग कर दी। गोली एक युवक की जांघ में लगी, जिससे वह घायल हो गया। बताया जा रहा है कि जमीन के सौदे में एडवांस रकम देने के बावजूद रजिस्ट्री नहीं हो पाई थी। इसी बात को लेकर दोनों पक्षों के बीच लंबे समय से विवाद चल रहा था। सोमवार को पैसे मांगने पर यह विवाद हिंसक रूप ले लिया। मिली जानकारी की मदद लेते हुए अधिक सर्च करने पर वायरल वीडियो की  रिपोर्ट हमें‘दैनिक भास्कर’की वेबसाइट पर मिली। इस रिपोर्ट को 2 दिन पहले प्रकाशित किया गया था। रिपोर्ट के अनुसार, घटना प्रयागराज बहादुरपुर के झूंसी थाना क्षेत्र की है। घटना दो पक्षों के बीच पैसों और जमीन को लेकर हुए विवाद का है। दरअसल, दोनों पक्ष जमीन लेन-देन का सौदा कर रहे थे। एक पक्ष ने जमीन खरीदने के लिए एडवांस रकम भी दे दी थी, लेकिन फिर भी रजिस्ट्री नहीं हो पाई थी। इसी को लेकर दोनों के बीच हुए विवाद ने हिंसक रूप ले लिया। हमें दावे से जुड़े ‘प्रयागराज न्यूज़’ की एक रिपोर्ट भी मिली, जिसमें इस घटना का पूरा ब्योरा और आरोपियों की पहचान बताई गई थी। रिपोर्ट के अनुसार आरोपियों की पहचान इस प्रकार हुई, 1. सोनू उर्फ समसुद्दीन अहमद (32) पुत्र स्वर्गीय फरमूद अहमद उर्फ बच्चे, निवासी इसीपुर मलावा खुर्द, झूंसी थाना क्षेत्र, जिला प्रयागराज। 2. इंजमाम (26) पुत्र कमरुल हसन उर्फ गुडडू निवासी 123 सदियाबाद बड़ा बघाड़ा, कर्नलगंज थाना क्षेत्र, ज",जमीन विवाद को लेकर दो पक्षों में हुई युद्ध के वीडियो को सांप्रदायिक दावे से वायरल…,,REF,same_as_gold,word,"{""substitution_type"": ""synonym"", ""original_word"": ""लड़ाई"", ""substituted_word"": ""युद्ध"", ""lexical_resource"": ""curated_hindi_lexicon""}","{""fluency_checked"": false, ""label_consistent"": true, ""meaning_preserved"": false}",
9,CA_WORD_08_LexicalSubstitution,hi,"छात्रों के सपोर्ट में DCP सुमित झा ने नहीं दिया इस्तीफा, एडिटेड वीडियो वायरल….","सोशल मीडिया पर  एक 47 सेकेंड का वीडियो वायरल हो रहा है।  वायरल वीडियो में डीसीपी सुमित झा कथित तौर पर तत्काल प्रभाव से इस्तीफे की घोषणा करते और यह कहते हुए सुनाई दे रहे हैं कि “मुझ पर छात्र प्रदर्शनों के बारे में झूठ बोलने और उन्हें अपराधी बताने का दबाव डाला जा रहा है। मैं ऐसी किसी भी व्यवस्था का हिस्सा नहीं रह सकता, इसलिए अब सरकार के साथ नहीं बल्कि छात्रों के साथ हूं। वायरल वीडियो के साथ दावा किया जा रहा है कि  दिल्ली पुलिस के डीसीपी सुमित झा ने छात्रों के प्रदर्शन के समर्थन में अपने पद से से इस्तीफा दे दिया है। वायरल वीडियो के साथ यूजर ने लिखा है- DCP Sumit Jha का इस्तीफा! ‘अब झूठ नहीं बोल सकता!’ दिल्ली पुलिस के डीसीपी सुमित झा ने इस्तीफा दे दिया है! उन्होंने कहा— “मुझे छात्र विरोध प्रदर्शनों पर झूठ बोलने के लिए मजबूर किया जा रहा है, मैं यह अब और नहीं कर सकता। मैं इस्तीफा दे रहा हूं क्योंकि मैं अब झूठ नहीं बोल सकता।”छात्रों के आंदोलन पर सच दबाने की कोशिशों का यह सबसे बड़ा खुलासा है! आपकी इस पर क्या राय है? कमेंट में बताएं! फेसबुक।आर्काइव अनुसंधान से पता चलता है कि… पड़ताल की शुरुआत में हमने वायरल  वीडियो के तस्वीरों का रिवर्स इमेज सर्च किया, परिणाम में वायरल वीडियो से  मिलता-जुलता वीडियो  हमेंडीडी न्यूजके एक्स अकाउंट पर मिला। यहां पर वीडियो  23 जुलाई 2026 को अपलोड किया गया है। इस वीडियो में  उन्होंने पाकिस्तान से संचालित होने वाले सोशल मीडिया अकाउंट्स की जानकारी देते हुए कहा था कि 400 से ज्यादा सोशल मीडिया हैंडल्स फर्जी और भ्रामक खबरें फैला रहे हैं। उनका मकसद छात्रों का ध्यान भटकाना है।  इसलिए अपील है कि किसी भी पोस्ट को शेयर करने से पहले फैक्ट चेक करें और किसी के बहकावे में न आएं। इस वीडियो में उन्होंने कहीं भी अपने इस्तीफे की बात नहीं की थी। #WATCH| Delhi Police says 480 Pakistan-based social media handles involved in coordinated misinformation campaigns have been identified and blocked.The police has appealed to students and youth to remain vigilant and avoid being misled by foreign social media accounts…pic.twitter.com/dEUCllkqBS हमने वायरल वीडियो और हमें मिले वीडियो का विश्लेषण किया। जिसमें साफ देखा जा सकता है कि वीडियो एडिटेड है। इसके अलावा हमें दिल्ली पुलिस","छात्रों के सपोर्ट में DCP सुमित झा ने नहीं दिया इस्तीफा, एडिटेड फुटेज वायरल….",,REF,same_as_gold,word,"{""substitution_type"": ""synonym"", ""original_word"": ""वीडियो"", ""substituted_word"": ""फुटेज"", ""lexical_resource"": ""curated_hindi_lexicon""}","{""fluency_checked"": false, ""label_consistent"": true, ""meaning_preserved"": false}",
